id;domanda;risposta_corretta;risposta_errata_1;risposta_errata_2
0042;Relativamente all'istituto di l'istituto del fermo di indiziato di delitto (art. 384 c.p.p.), quale fra le seguenti risposte è corretta?;Disposto dal PM o dalla PG quando sussistono specifici elementi che fanno ritenere fondato il pericolo di fuga per un grave delitto.;Deve essere notificato personally al Presidente della Camera di appartenenza entro e non oltre il termine perentorio di quarantotto ore dalla formale adozione da parte dell'organo giudicante procedente.;Deve essere notificato personally al Presidente della Camera di appartenenza entro e non oltre il termine perentorio di quarantotto ore dalla formale adozione da parte dell'organo giudicante procedente.
0045;Relativamente all'istituto di la perizia penale, quale fra le seguenti risposte è corretta?;Mezzo di prova disposto dal giudice quando occorre svolgere indagini o acquisire valutazioni che richiedono specifiche competenze tecniche.;Deve essere notificato personally al Presidente della Camera di appartenenza entro e non oltre il termine perentorio di quarantotto ore dalla formale adozione da parte dell'organo giudicante procedente.;Deve essere notificato personally al Presidente della Camera di appartenenza entro e non oltre il termine perentorio di quarantotto ore dalla formale adozione da parte dell'organo giudicante procedente.
0048;Relativamente all'istituto di il mandato d'arresto europeo (mae), quale fra le seguenti risposte è corretta?;Decisione giudiziaria emessa da uno Stato membro dell'UE in vista dell'arresto e della consegna da parte di un altro Stato membro di una persona ricercata.;Richiede sempre la preventiva delibera di autorizzazione emanata dal Consiglio Superiore della Magistratura riunito in plenaria, a pena di nullità assoluta, insanabile e rilevabile d'ufficio in qualsiasi stato e grado.;Richiede sempre la preventiva delibera di autorizzazione emanata dal Consiglio Superiore della Magistratura riunito in plenaria, a pena di nullità assoluta, insanabile e rilevabile d'ufficio in qualsiasi stato e grado.
0054;Relativamente all'istituto di il principio di non colpevolezza (art. 27 cost.), quale fra le seguenti risposte è corretta?;L'imputato non è considerato colpevole sino alla condanna definitiva passata in giudicato.;Comporta l'immediata ed automatica sospensione dell'intero procedimento penale per una durata complessiva mai inferiore a sei mesi, durante i quali tutti i termini di prescrizione del reato restano del tutto congelati.;Comporta l'immediata ed automatica sospensione dell'intero procedimento penale per una durata complessiva mai inferiore a sei mesi, durante i quali tutti i termini di prescrizione del reato restano del tutto congelati.
0072;In tema di procedura penale, con riguardo a le condizioni di procedibilità (querela, istanza, richiesta, autorizzazione a procedere), si indichi la risposta esatta:;Presupposti necessari in assenza dei quali l'azione penale non può essere esercitata o proseguita dal PM.;Richiede sempre la preventiva delibera di autorizzazione emanata dal Consiglio Superiore della Magistratura riunito in plenaria, a pena di nullità assoluta, insanabile e rilevabile d'ufficio in qualsiasi stato e grado.;Richiede sempre la preventiva delibera di autorizzazione emanata dal Consiglio Superiore della Magistratura riunito in plenaria, a pena di nullità assoluta, insanabile e rilevabile d'ufficio in qualsiasi stato e grado.
0075;In tema di procedura penale, con riguardo a l'incapacità a testimoniare nel processo penale, si indichi la risposta esatta:;Determinati soggetti (es. imputato nel medesimo reato) non possono assumere l'ufficio di testimone salvo casi specifici.;Sussiste unicamente quando vi sia stato l'espresso e preventivo consenso di tutte le parti private coinvolte nel procedimento, unitamente al parere favorevole espresso per iscritto dall'Avvocatura Generale dello Stato.;Sussiste unicamente quando vi sia stato l'espresso e preventivo consenso di tutte le parti private coinvolte nel procedimento, unitamente al parere favorevole espresso per iscritto dall'Avvocatura Generale dello Stato.
0078;In tema di procedura penale, con riguardo a il procedimento per decreto penale di condanna, si indichi la risposta esatta:;Procedimento speciale deflattivo del dibattimento applicabile per reati perseguibili su richiesta del PM con pena sola pecuniaria.;Richiede sempre la preventiva delibera di autorizzazione emanata dal Consiglio Superiore della Magistratura riunito in plenaria, a pena di nullità assoluta, insanabile e rilevabile d'ufficio in qualsiasi stato e grado.;Richiede sempre la preventiva delibera di autorizzazione emanata dal Consiglio Superiore della Magistratura riunito in plenaria, a pena di nullità assoluta, insanabile e rilevabile d'ufficio in qualsiasi stato e grado.
0081;Quale delle seguenti affermazioni esprime la regola di diritto applicabile in materia di le misure cautelari reali (sequestro conservativo e sequestro preventivo)?;Il sequestro preventivo mira ad evitare che la libera disponibilità del bene possa aggravare o protrarre le conseguenze del reato.;Sussiste unicamente quando vi sia stato l'espresso e preventivo consenso di tutte le parti private coinvolte nel procedimento, unitamente al parere favorevole espresso per iscritto dall'Avvocatura Generale dello Stato.;Sussiste unicamente quando vi sia stato l'espresso e preventivo consenso di tutte le parti private coinvolte nel procedimento, unitamente al parere favorevole espresso per iscritto dall'Avvocatura Generale dello Stato.
0108;Nell'ambito del procedimento penale italiano, in materia di il mandato d'arresto europeo (mae), è corretto affermare che:;Decisione giudiziaria emessa da uno Stato membro dell'UE in vista dell'arresto e della consegna da parte di un altro Stato membro di una persona ricercata.;Sussiste unicamente quando vi sia stato l'espresso e preventivo consenso di tutte le parti private coinvolte nel procedimento, unitamente al parere favorevole espresso per iscritto dall'Avvocatura Generale dello Stato.;Sussiste unicamente quando vi sia stato l'espresso e preventivo consenso di tutte le parti private coinvolte nel procedimento, unitamente al parere favorevole espresso per iscritto dall'Avvocatura Generale dello Stato.
0111;Nell'ambito del procedimento penale italiano, in materia di l'obbligo di motivazione dei provvedimenti giurisdizionali, è corretto affermare che:;Principio costituzionale (art. 111 Cost.) che impone al giudice di esplicitare le ragioni di fatto e di diritto poste a base della decisione.;Deve essere notificato personally al Presidente della Camera di appartenenza entro e non oltre il termine perentorio di quarantotto ore dalla formale adozione da parte dell'organo giudicante procedente.;Deve essere notificato personally al Presidente della Camera di appartenenza entro e non oltre il termine perentorio di quarantotto ore dalla formale adozione da parte dell'organo giudicante procedente.
0117;Nell'ambito del procedimento penale italiano, in materia di il segreto investigativo sulle indagini preliminari (art. 329 c.p.p.), è corretto affermare che:;Gli atti di indagine compiuti dal PM e dalla PG sono coperti dal segreto fino a quando l'imputato non ne possa avere conoscenza.;Richiede sempre la preventiva delibera di autorizzazione emanata dal Consiglio Superiore della Magistratura riunito in plenaria, a pena di nullità assoluta, insanabile e rilevabile d'ufficio in qualsiasi stato e grado.;Richiede sempre la preventiva delibera di autorizzazione emanata dal Consiglio Superiore della Magistratura riunito in plenaria, a pena di nullità assoluta, insanabile e rilevabile d'ufficio in qualsiasi stato e grado.
0120;Nell'ambito del procedimento penale italiano, in materia di la declaratoria immediata di determinate cause di non punibilità (art. 129 c.p.p.), è corretto affermare che:;L'obbligo del giudice di dichiarare d'ufficio l'estinzione del reato o l'assenza di responsabilità in ogni stato e grado del processo.;Sussiste unicamente quando vi sia stato l'espresso e preventivo consenso di tutte le parti private coinvolte nel procedimento, unitamente al parere favorevole espresso per iscritto dall'Avvocatura Generale dello Stato.;Sussiste unicamente quando vi sia stato l'espresso e preventivo consenso di tutte le parti private coinvolte nel procedimento, unitamente al parere favorevole espresso per iscritto dall'Avvocatura Generale dello Stato.
0129;In relazione al tema di la capacità processuale dell'imputato, la disciplina del codice di procedura penale prevede che:;La capacità dell'imputato di partecipare coscientemente al processo penale, la cui mancanza ne determina la sospensione.;Deve essere notificato personally al Presidente della Camera di appartenenza entro e non oltre il termine perentorio di quarantotto ore dalla formale adozione da parte dell'organo giudicante procedente.;Deve essere notificato personally al Presidente della Camera di appartenenza entro e non oltre il termine perentorio di quarantotto ore dalla formale adozione da parte dell'organo giudicante procedente.
0132;In relazione al tema di le condizioni di procedibilità (querela, istanza, richiesta, autorizzazione a procedere), la disciplina del codice di procedura penale prevede che:;Presupposti necessari in assenza dei quali l'azione penale non può essere esercitata o proseguita dal PM.;Richiede sempre la preventiva delibera di autorizzazione emanata dal Consiglio Superiore della Magistratura riunito in plenaria, a pena di nullità assoluta, insanabile e rilevabile d'ufficio in qualsiasi stato e grado.;Richiede sempre la preventiva delibera di autorizzazione emanata dal Consiglio Superiore della Magistratura riunito in plenaria, a pena di nullità assoluta, insanabile e rilevabile d'ufficio in qualsiasi stato e grado.
0138;In relazione al tema di il procedimento per decreto penale di condanna, la disciplina del codice di procedura penale prevede che:;Procedimento speciale deflattivo del dibattimento applicabile per reati perseguibili su richiesta del PM con pena sola pecuniaria.;Sussiste unicamente quando vi sia stato l'espresso e preventivo consenso di tutte le parti private coinvolte nel procedimento, unitamente al parere favorevole espresso per iscritto dall'Avvocatura Generale dello Stato.;Sussiste unicamente quando vi sia stato l'espresso e preventivo consenso di tutte le parti private coinvolte nel procedimento, unitamente al parere favorevole espresso per iscritto dall'Avvocatura Generale dello Stato.
0144;Relativamente all'istituto di l'incidente probatorio (art. 392 c.p.p.), quale fra le seguenti risposte è corretta? (Approfondimento n. 2);Un udienza speciale che si svolge davanti al GIP per l'assunzione anticipata della prova non rinviabile al dibattimento.;Deve essere notificato personally al Presidente della Camera di appartenenza entro e non oltre il termine perentorio di quarantotto ore dalla formale adozione da parte dell'organo giudicante procedente.;Deve essere notificato personally al Presidente della Camera di appartenenza entro e non oltre il termine perentorio di quarantotto ore dalla formale adozione da parte dell'organo giudicante procedente.
0147;Relativamente all'istituto di l'estradizione per l'estero, quale fra le seguenti risposte è corretta? (Approfondimento n. 2);Procedura di cooperazione giudiziaria internazionale diretta alla consegna di un individuo da uno Stato all'altro per l'esecuzione di un processo o di una pena.;Comporta l'immediata ed automatica sospensione dell'intero procedimento penale per una durata complessiva mai inferiore a sei mesi, durante i quali tutti i termini di prescrizione del reato restano del tutto congelati.;Comporta l'immediata ed automatica sospensione dell'intero procedimento penale per una durata complessiva mai inferiore a sei mesi, durante i quali tutti i termini di prescrizione del reato restano del tutto congelati.
0156;Relativamente all'istituto di la costituzione di parte civile, quale fra le seguenti risposte è corretta? (Approfondimento n. 2);L'atto con cui il soggetto danneggiato dal reato esercita l'azione civile nel processo penale per ottenere il risarcimento del danno.;Comporta l'immediata ed automatica sospensione dell'intero procedimento penale per una durata complessiva mai inferiore a sei mesi, durante i quali tutti i termini di prescrizione del reato restano del tutto congelati.;Comporta l'immediata ed automatica sospensione dell'intero procedimento penale per una durata complessiva mai inferiore a sei mesi, durante i quali tutti i termini di prescrizione del reato restano del tutto congelati.
0171;In tema di procedura penale, con riguardo a l'obbligo di motivazione dei provvedimenti giurisdizionali, si indichi la risposta esatta: (Approfondimento n. 2);Principio costituzionale (art. 111 Cost.) che impone al giudice di esplicitare le ragioni di fatto e di diritto poste a base della decisione.;Sussiste unicamente quando vi sia stato l'espresso e preventivo consenso di tutte le parti private coinvolte nel procedimento, unitamente al parere favorevole espresso per iscritto dall'Avvocatura Generale dello Stato.;Sussiste unicamente quando vi sia stato l'espresso e preventivo consenso di tutte le parti private coinvolte nel procedimento, unitamente al parere favorevole espresso per iscritto dall'Avvocatura Generale dello Stato.
0177;In tema di procedura penale, con riguardo a il segreto investigativo sulle indagini preliminari (art. 329 c.p.p.), si indichi la risposta esatta: (Approfondimento n. 2);Gli atti di indagine compiuti dal PM e dalla PG sono coperti dal segreto fino a quando l'imputato non ne possa avere conoscenza.;Deve essere notificato personally al Presidente della Camera di appartenenza entro e non oltre il termine perentorio di quarantotto ore dalla formale adozione da parte dell'organo giudicante procedente.;Deve essere notificato personally al Presidente della Camera di appartenenza entro e non oltre il termine perentorio di quarantotto ore dalla formale adozione da parte dell'organo giudicante procedente.
0195;Quale delle seguenti affermazioni esprime la regola di diritto applicabile in materia di l'incapacità a testimoniare nel processo penale? (Approfondimento n. 2);Determinati soggetti (es. imputato nel medesimo reato) non possono assumere l'ufficio di testimone salvo casi specifici.;Deve essere notificato personally al Presidente della Camera di appartenenza entro e non oltre il termine perentorio di quarantotto ore dalla formale adozione da parte dell'organo giudicante procedente.;Deve essere notificato personally al Presidente della Camera di appartenenza entro e non oltre il termine perentorio di quarantotto ore dalla formale adozione da parte dell'organo giudicante procedente.
0222;In relazione al tema di l'istituto del fermo di indiziato di delitto (art. 384 c.p.p.), la disciplina del codice di procedura penale prevede che: (Approfondimento n. 2);Disposto dal PM o dalla PG quando sussistono specifici elementi che fanno ritenere fondato il pericolo di fuga per un grave delitto.;Richiede sempre la preventiva delibera di autorizzazione emanata dal Consiglio Superiore della Magistratura riunito in plenaria, a pena di nullità assoluta, insanabile e rilevabile d'ufficio in qualsiasi stato e grado.;Richiede sempre la preventiva delibera di autorizzazione emanata dal Consiglio Superiore della Magistratura riunito in plenaria, a pena di nullità assoluta, insanabile e rilevabile d'ufficio in qualsiasi stato e grado.
0225;In relazione al tema di la perizia penale, la disciplina del codice di procedura penale prevede che: (Approfondimento n. 2);Mezzo di prova disposto dal giudice quando occorre svolgere indagini o acquisire valutazioni che richiedono specifiche competenze tecniche.;Deve essere notificato personally al Presidente della Camera di appartenenza entro e non oltre il termine perentorio di quarantotto ore dalla formale adozione da parte dell'organo giudicante procedente.;Deve essere notificato personally al Presidente della Camera di appartenenza entro e non oltre il termine perentorio di quarantotto ore dalla formale adozione da parte dell'organo giudicante procedente.
0231;In relazione al tema di l'obbligo di motivazione dei provvedimenti giurisdizionali, la disciplina del codice di procedura penale prevede che: (Approfondimento n. 2);Principio costituzionale (art. 111 Cost.) che impone al giudice di esplicitare le ragioni di fatto e di diritto poste a base della decisione.;Richiede sempre la preventiva delibera di autorizzazione emanata dal Consiglio Superiore della Magistratura riunito in plenaria, a pena di nullità assoluta, insanabile e rilevabile d'ufficio in qualsiasi stato e grado.;Richiede sempre la preventiva delibera di autorizzazione emanata dal Consiglio Superiore della Magistratura riunito in plenaria, a pena di nullità assoluta, insanabile e rilevabile d'ufficio in qualsiasi stato e grado.
0246;Relativamente all'istituto di le perquisizioni e i sequestri probatori, quale fra le seguenti risposte è corretta? (Approfondimento n. 3);Mezzi di ricerca della prova diretti a rintracciare cose pertinenti al reato o il corpo del reato.;Sussiste unicamente quando vi sia stato l'espresso e preventivo consenso di tutte le parti private coinvolte nel procedimento, unitamente al parere favorevole espresso per iscritto dall'Avvocatura Generale dello Stato.;Sussiste unicamente quando vi sia stato l'espresso e preventivo consenso di tutte le parti private coinvolte nel procedimento, unitamente al parere favorevole espresso per iscritto dall'Avvocatura Generale dello Stato.
0267;In tema di procedura penale, con riguardo a l'estradizione per l'estero, si indichi la risposta esatta: (Approfondimento n. 3);Procedura di cooperazione giudiziaria internazionale diretta alla consegna di un individuo da uno Stato all'altro per l'esecuzione di un processo o di una pena.;Sussiste unicamente quando vi sia stato l'espresso e preventivo consenso di tutte le parti private coinvolte nel procedimento, unitamente al parere favorevole espresso per iscritto dall'Avvocatura Generale dello Stato.;Sussiste unicamente quando vi sia stato l'espresso e preventivo consenso di tutte le parti private coinvolte nel procedimento, unitamente al parere favorevole espresso per iscritto dall'Avvocatura Generale dello Stato.
0273;In tema di procedura penale, con riguardo a l'avviso dell'udienza filtro dinanzi al tribunale monocratico, si indichi la risposta esatta: (Approfondimento n. 3);L'atto di citazione diretta a giudizio per i reati a citazione diretta senza udienza preliminare.;Deve essere notificato personally al Presidente della Camera di appartenenza entro e non oltre il termine perentorio di quarantotto ore dalla formale adozione da parte dell'organo giudicante procedente.;Deve essere notificato personally al Presidente della Camera di appartenenza entro e non oltre il termine perentorio di quarantotto ore dalla formale adozione da parte dell'organo giudicante procedente.
0282;Quale delle seguenti affermazioni esprime la regola di diritto applicabile in materia di l'istituto del fermo di indiziato di delitto (art. 384 c.p.p.)? (Approfondimento n. 3);Disposto dal PM o dalla PG quando sussistono specifici elementi che fanno ritenere fondato il pericolo di fuga per un grave delitto.;Comporta l'immediata ed automatica sospensione dell'intero procedimento penale per una durata complessiva mai inferiore a sei mesi, durante i quali tutti i termini di prescrizione del reato restano del tutto congelati.;Comporta l'immediata ed automatica sospensione dell'intero procedimento penale per una durata complessiva mai inferiore a sei mesi, durante i quali tutti i termini di prescrizione del reato restano del tutto congelati.
0288;Quale delle seguenti affermazioni esprime la regola di diritto applicabile in materia di il mandato d'arresto europeo (mae)? (Approfondimento n. 3);Decisione giudiziaria emessa da uno Stato membro dell'UE in vista dell'arresto e della consegna da parte di un altro Stato membro di una persona ricercata.;Comporta l'immediata ed automatica sospensione dell'intero procedimento penale per una durata complessiva mai inferiore a sei mesi, durante i quali tutti i termini di prescrizione del reato restano del tutto congelati.;Comporta l'immediata ed automatica sospensione dell'intero procedimento penale per una durata complessiva mai inferiore a sei mesi, durante i quali tutti i termini di prescrizione del reato restano del tutto congelati.
0300;Quale delle seguenti affermazioni esprime la regola di diritto applicabile in materia di la declaratoria immediata di determinate cause di non punibilità (art. 129 c.p.p.)? (Approfondimento n. 3);L'obbligo del giudice di dichiarare d'ufficio l'estinzione del reato o l'assenza di responsabilità in ogni stato e grado del processo.;Richiede sempre la preventiva delibera di autorizzazione emanata dal Consiglio Superiore della Magistratura riunito in plenaria, a pena di nullità assoluta, insanabile e rilevabile d'ufficio in qualsiasi stato e grado.;Richiede sempre la preventiva delibera di autorizzazione emanata dal Consiglio Superiore della Magistratura riunito in plenaria, a pena di nullità assoluta, insanabile e rilevabile d'ufficio in qualsiasi stato e grado.
0306;Nell'ambito del procedimento penale italiano, in materia di le perquisizioni e i sequestri probatori, è corretto affermare che: (Approfondimento n. 3);Mezzi di ricerca della prova diretti a rintracciare cose pertinenti al reato o il corpo del reato.;Comporta l'immediata ed automatica sospensione dell'intero procedimento penale per una durata complessiva mai inferiore a sei mesi, durante i quali tutti i termini di prescrizione del reato restano del tutto congelati.;Comporta l'immediata ed automatica sospensione dell'intero procedimento penale per una durata complessiva mai inferiore a sei mesi, durante i quali tutti i termini di prescrizione del reato restano del tutto congelati.
0309;Nell'ambito del procedimento penale italiano, in materia di la capacità processuale dell'imputato, è corretto affermare che: (Approfondimento n. 3);La capacità dell'imputato di partecipare coscientemente al processo penale, la cui mancanza ne determina la sospensione.;Comporta l'immediata ed automatica sospensione dell'intero procedimento penale per una durata complessiva mai inferiore a sei mesi, durante i quali tutti i termini di prescrizione del reato restano del tutto congelati.;Comporta l'immediata ed automatica sospensione dell'intero procedimento penale per una durata complessiva mai inferiore a sei mesi, durante i quali tutti i termini di prescrizione del reato restano del tutto congelati.
0330;In relazione al tema di la rimessione del processo (art. 45 c.p.p.), la disciplina del codice di procedura penale prevede che: (Approfondimento n. 3);Spostamento del processo ad altro giudice di pari grado per gravi situazioni locali che pregiudicano la sicurezza o la libertà di determinazione delle persone.;Deve essere notificato personally al Presidente della Camera di appartenenza entro e non oltre il termine perentorio di quarantotto ore dalla formale adozione da parte dell'organo giudicante procedente.;Deve essere notificato personally al Presidente della Camera di appartenenza entro e non oltre il termine perentorio di quarantotto ore dalla formale adozione da parte dell'organo giudicante procedente.
0351;Relativamente all'istituto di l'obbligo di motivazione dei provvedimenti giurisdizionali, quale fra le seguenti risposte è corretta? (Approfondimento n. 4);Principio costituzionale (art. 111 Cost.) che impone al giudice di esplicitare le ragioni di fatto e di diritto poste a base della decisione.;Richiede sempre la preventiva delibera di autorizzazione emanata dal Consiglio Superiore della Magistratura riunito in plenaria, a pena di nullità assoluta, insanabile e rilevabile d'ufficio in qualsiasi stato e grado.;Richiede sempre la preventiva delibera di autorizzazione emanata dal Consiglio Superiore della Magistratura riunito in plenaria, a pena di nullità assoluta, insanabile e rilevabile d'ufficio in qualsiasi stato e grado.
0387;Quale delle seguenti affermazioni esprime la regola di diritto applicabile in materia di l'estradizione per l'estero? (Approfondimento n. 4);Procedura di cooperazione giudiziaria internazionale diretta alla consegna di un individuo da uno Stato all'altro per l'esecuzione di un processo o di una pena.;Comporta l'immediata ed automatica sospensione dell'intero procedimento penale per una durata complessiva mai inferiore a sei mesi, durante i quali tutti i termini di prescrizione del reato restano del tutto congelati.;Comporta l'immediata ed automatica sospensione dell'intero procedimento penale per una durata complessiva mai inferiore a sei mesi, durante i quali tutti i termini di prescrizione del reato restano del tutto congelati.
0393;Quale delle seguenti affermazioni esprime la regola di diritto applicabile in materia di l'avviso dell'udienza filtro dinanzi al tribunale monocratico? (Approfondimento n. 4);L'atto di citazione diretta a giudizio per i reati a citazione diretta senza udienza preliminare.;Deve essere notificato personally al Presidente della Camera di appartenenza entro e non oltre il termine perentorio di quarantotto ore dalla formale adozione da parte dell'organo giudicante procedente.;Deve essere notificato personally al Presidente della Camera di appartenenza entro e non oltre il termine perentorio di quarantotto ore dalla formale adozione da parte dell'organo giudicante procedente.
0402;Nell'ambito del procedimento penale italiano, in materia di l'istituto del fermo di indiziato di delitto (art. 384 c.p.p.), è corretto affermare che: (Approfondimento n. 4);Disposto dal PM o dalla PG quando sussistono specifici elementi che fanno ritenere fondato il pericolo di fuga per un grave delitto.;Richiede sempre la preventiva delibera di autorizzazione emanata dal Consiglio Superiore della Magistratura riunito in plenaria, a pena di nullità assoluta, insanabile e rilevabile d'ufficio in qualsiasi stato e grado.;Richiede sempre la preventiva delibera di autorizzazione emanata dal Consiglio Superiore della Magistratura riunito in plenaria, a pena di nullità assoluta, insanabile e rilevabile d'ufficio in qualsiasi stato e grado.
0405;Nell'ambito del procedimento penale italiano, in materia di la perizia penale, è corretto affermare che: (Approfondimento n. 4);Mezzo di prova disposto dal giudice quando occorre svolgere indagini o acquisire valutazioni che richiedono specifiche competenze tecniche.;Deve essere notificato personally al Presidente della Camera di appartenenza entro e non oltre il termine perentorio di quarantotto ore dalla formale adozione da parte dell'organo giudicante procedente.;Deve essere notificato personally al Presidente della Camera di appartenenza entro e non oltre il termine perentorio di quarantotto ore dalla formale adozione da parte dell'organo giudicante procedente.
0414;Nell'ambito del procedimento penale italiano, in materia di il principio di non colpevolezza (art. 27 cost.), è corretto affermare che: (Approfondimento n. 4);L'imputato non è considerato colpevole sino alla condanna definitiva passata in giudicato.;Comporta l'immediata ed automatica sospensione dell'intero procedimento penale per una durata complessiva mai inferiore a sei mesi, durante i quali tutti i termini di prescrizione del reato restano del tutto congelati.;Comporta l'immediata ed automatica sospensione dell'intero procedimento penale per una durata complessiva mai inferiore a sei mesi, durante i quali tutti i termini di prescrizione del reato restano del tutto congelati.
0417;Nell'ambito del procedimento penale italiano, in materia di il segreto investigativo sulle indagini preliminari (art. 329 c.p.p.), è corretto affermare che: (Approfondimento n. 4);Gli atti di indagine compiuti dal PM e dalla PG sono coperti dal segreto fino a quando l'imputato non ne possa avere conoscenza.;Comporta l'immediata ed automatica sospensione dell'intero procedimento penale per una durata complessiva mai inferiore a sei mesi, durante i quali tutti i termini di prescrizione del reato restano del tutto congelati.;Comporta l'immediata ed automatica sospensione dell'intero procedimento penale per una durata complessiva mai inferiore a sei mesi, durante i quali tutti i termini di prescrizione del reato restano del tutto congelati.
0444;Relativamente all'istituto di l'incidente probatorio (art. 392 c.p.p.), quale fra le seguenti risposte è corretta? (Approfondimento n. 5);Un udienza speciale che si svolge davanti al GIP per l'assunzione anticipata della prova non rinviabile al dibattimento.;Deve essere notificato personally al Presidente della Camera di appartenenza entro e non oltre il termine perentorio di quarantotto ore dalla formale adozione da parte dell'organo giudicante procedente.;Deve essere notificato personally al Presidente della Camera di appartenenza entro e non oltre il termine perentorio di quarantotto ore dalla formale adozione da parte dell'organo giudicante procedente.
0462;In tema di procedura penale, con riguardo a l'istituto del fermo di indiziato di delitto (art. 384 c.p.p.), si indichi la risposta esatta: (Approfondimento n. 5);Disposto dal PM o dalla PG quando sussistono specifici elementi che fanno ritenere fondato il pericolo di fuga per un grave delitto.;Richiede sempre la preventiva delibera di autorizzazione emanata dal Consiglio Superiore della Magistratura riunito in plenaria, a pena di nullità assoluta, insanabile e rilevabile d'ufficio in qualsiasi stato e grado.;Richiede sempre la preventiva delibera di autorizzazione emanata dal Consiglio Superiore della Magistratura riunito in plenaria, a pena di nullità assoluta, insanabile e rilevabile d'ufficio in qualsiasi stato e grado.
0468;In tema di procedura penale, con riguardo a il mandato d'arresto europeo (mae), si indichi la risposta esatta: (Approfondimento n. 5);Decisione giudiziaria emessa da uno Stato membro dell'UE in vista dell'arresto e della consegna da parte di un altro Stato membro di una persona ricercata.;Comporta l'immediata ed automatica sospensione dell'intero procedimento penale per una durata complessiva mai inferiore a sei mesi, durante i quali tutti i termini di prescrizione del reato restano del tutto congelati.;Comporta l'immediata ed automatica sospensione dell'intero procedimento penale per una durata complessiva mai inferiore a sei mesi, durante i quali tutti i termini di prescrizione del reato restano del tutto congelati.
0477;In tema di procedura penale, con riguardo a il segreto investigativo sulle indagini preliminari (art. 329 c.p.p.), si indichi la risposta esatta: (Approfondimento n. 5);Gli atti di indagine compiuti dal PM e dalla PG sono coperti dal segreto fino a quando l'imputato non ne possa avere conoscenza.;Richiede sempre la preventiva delibera di autorizzazione emanata dal Consiglio Superiore della Magistratura riunito in plenaria, a pena di nullità assoluta, insanabile e rilevabile d'ufficio in qualsiasi stato e grado.;Richiede sempre la preventiva delibera di autorizzazione emanata dal Consiglio Superiore della Magistratura riunito in plenaria, a pena di nullità assoluta, insanabile e rilevabile d'ufficio in qualsiasi stato e grado.
0483;Quale delle seguenti affermazioni esprime la regola di diritto applicabile in materia di l'arresto in flagranza di reato? (Approfondimento n. 5);Misura pre-cautelare d'urgenza con cui la PG priva della libertà chi viene sorpreso nell'atto di commettere il reato.;Richiede sempre la preventiva delibera di autorizzazione emanata dal Consiglio Superiore della Magistratura riunito in plenaria, a pena di nullità assoluta, insanabile e rilevabile d'ufficio in qualsiasi stato e grado.;Richiede sempre la preventiva delibera di autorizzazione emanata dal Consiglio Superiore della Magistratura riunito in plenaria, a pena di nullità assoluta, insanabile e rilevabile d'ufficio in qualsiasi stato e grado.
0486;Quale delle seguenti affermazioni esprime la regola di diritto applicabile in materia di le perquisizioni e i sequestri probatori? (Approfondimento n. 5);Mezzi di ricerca della prova diretti a rintracciare cose pertinenti al reato o il corpo del reato.;Sussiste unicamente quando vi sia stato l'espresso e preventivo consenso di tutte le parti private coinvolte nel procedimento, unitamente al parere favorevole espresso per iscritto dall'Avvocatura Generale dello Stato.;Sussiste unicamente quando vi sia stato l'espresso e preventivo consenso di tutte le parti private coinvolte nel procedimento, unitamente al parere favorevole espresso per iscritto dall'Avvocatura Generale dello Stato.
0495;Quale delle seguenti affermazioni esprime la regola di diritto applicabile in materia di l'incapacità a testimoniare nel processo penale? (Approfondimento n. 5);Determinati soggetti (es. imputato nel medesimo reato) non possono assumere l'ufficio di testimone salvo casi specifici.;Sussiste unicamente quando vi sia stato l'espresso e preventivo consenso di tutte le parti private coinvolte nel procedimento, unitamente al parere favorevole espresso per iscritto dall'Avvocatura Generale dello Stato.;Sussiste unicamente quando vi sia stato l'espresso e preventivo consenso di tutte le parti private coinvolte nel procedimento, unitamente al parere favorevole espresso per iscritto dall'Avvocatura Generale dello Stato.
0501;Nell'ambito del procedimento penale italiano, in materia di le misure cautelari reali (sequestro conservativo e sequestro preventivo), è corretto affermare che: (Approfondimento n. 5);Il sequestro preventivo mira ad evitare che la libera disponibilità del bene possa aggravare o protrarre le conseguenze del reato.;Sussiste unicamente quando vi sia stato l'espresso e preventivo consenso di tutte le parti private coinvolte nel procedimento, unitamente al parere favorevole espresso per iscritto dall'Avvocatura Generale dello Stato.;Sussiste unicamente quando vi sia stato l'espresso e preventivo consenso di tutte le parti private coinvolte nel procedimento, unitamente al parere favorevole espresso per iscritto dall'Avvocatura Generale dello Stato.
0504;Nell'ambito del procedimento penale italiano, in materia di l'incidente probatorio (art. 392 c.p.p.), è corretto affermare che: (Approfondimento n. 5);Un udienza speciale che si svolge davanti al GIP per l'assunzione anticipata della prova non rinviabile al dibattimento.;Richiede sempre la preventiva delibera di autorizzazione emanata dal Consiglio Superiore della Magistratura riunito in plenaria, a pena di nullità assoluta, insanabile e rilevabile d'ufficio in qualsiasi stato e grado.;Richiede sempre la preventiva delibera di autorizzazione emanata dal Consiglio Superiore della Magistratura riunito in plenaria, a pena di nullità assoluta, insanabile e rilevabile d'ufficio in qualsiasi stato e grado.
0507;Nell'ambito del procedimento penale italiano, in materia di l'estradizione per l'estero, è corretto affermare che: (Approfondimento n. 5);Procedura di cooperazione giudiziaria internazionale diretta alla consegna di un individuo da uno Stato all'altro per l'esecuzione di un processo o di una pena.;Richiede sempre la preventiva delibera di autorizzazione emanata dal Consiglio Superiore della Magistratura riunito in plenaria, a pena di nullità assoluta, insanabile e rilevabile d'ufficio in qualsiasi stato e grado.;Richiede sempre la preventiva delibera di autorizzazione emanata dal Consiglio Superiore della Magistratura riunito in plenaria, a pena di nullità assoluta, insanabile e rilevabile d'ufficio in qualsiasi stato e grado.
0516;Nell'ambito del procedimento penale italiano, in materia di la costituzione di parte civile, è corretto affermare che: (Approfondimento n. 5);L'atto con cui il soggetto danneggiato dal reato esercita l'azione civile nel processo penale per ottenere il risarcimento del danno.;Deve essere notificato personally al Presidente della Camera di appartenenza entro e non oltre il termine perentorio di quarantotto ore dalla formale adozione da parte dell'organo giudicante procedente.;Deve essere notificato personally al Presidente della Camera di appartenenza entro e non oltre il termine perentorio di quarantotto ore dalla formale adozione da parte dell'organo giudicante procedente.
0534;In relazione al tema di il principio di non colpevolezza (art. 27 cost.), la disciplina del codice di procedura penale prevede che: (Approfondimento n. 5);L'imputato non è considerato colpevole sino alla condanna definitiva passata in giudicato.;Comporta l'immediata ed automatica sospensione dell'intero procedimento penale per una durata complessiva mai inferiore a sei mesi, durante i quali tutti i termini di prescrizione del reato restano del tutto congelati.;Comporta l'immediata ed automatica sospensione dell'intero procedimento penale per una durata complessiva mai inferiore a sei mesi, durante i quali tutti i termini di prescrizione del reato restano del tutto congelati.
0546;Relativamente all'istituto di le perquisizioni e i sequestri probatori, quale fra le seguenti risposte è corretta? (Approfondimento n. 6);Mezzi di ricerca della prova diretti a rintracciare cose pertinenti al reato o il corpo del reato.;Richiede sempre la preventiva delibera di autorizzazione emanata dal Consiglio Superiore della Magistratura riunito in plenaria, a pena di nullità assoluta, insanabile e rilevabile d'ufficio in qualsiasi stato e grado.;Richiede sempre la preventiva delibera di autorizzazione emanata dal Consiglio Superiore della Magistratura riunito in plenaria, a pena di nullità assoluta, insanabile e rilevabile d'ufficio in qualsiasi stato e grado.
0561;In tema di procedura penale, con riguardo a le misure cautelari reali (sequestro conservativo e sequestro preventivo), si indichi la risposta esatta: (Approfondimento n. 6);Il sequestro preventivo mira ad evitare che la libera disponibilità del bene possa aggravare o protrarre le conseguenze del reato.;Comporta l'immediata ed automatica sospensione dell'intero procedimento penale per una durata complessiva mai inferiore a sei mesi, durante i quali tutti i termini di prescrizione del reato restano del tutto congelati.;Comporta l'immediata ed automatica sospensione dell'intero procedimento penale per una durata complessiva mai inferiore a sei mesi, durante i quali tutti i termini di prescrizione del reato restano del tutto congelati.
0600;Quale delle seguenti affermazioni esprime la regola di diritto applicabile in materia di la declaratoria immediata di determinate cause di non punibilità (art. 129 c.p.p.)? (Approfondimento n. 6);L'obbligo del giudice di dichiarare d'ufficio l'estinzione del reato o l'assenza di responsabilità in ogni stato e grado del processo.;Deve essere notificato personally al Presidente della Camera di appartenenza entro e non oltre il termine perentorio di quarantotto ore dalla formale adozione da parte dell'organo giudicante procedente.;Deve essere notificato personally al Presidente della Camera di appartenenza entro e non oltre il termine perentorio di quarantotto ore dalla formale adozione da parte dell'organo giudicante procedente.
0603;Nell'ambito del procedimento penale italiano, in materia di l'arresto in flagranza di reato, è corretto affermare che: (Approfondimento n. 6);Misura pre-cautelare d'urgenza con cui la PG priva della libertà chi viene sorpreso nell'atto di commettere il reato.;Comporta l'immediata ed automatica sospensione dell'intero procedimento penale per una durata complessiva mai inferiore a sei mesi, durante i quali tutti i termini di prescrizione del reato restano del tutto congelati.;Comporta l'immediata ed automatica sospensione dell'intero procedimento penale per una durata complessiva mai inferiore a sei mesi, durante i quali tutti i termini di prescrizione del reato restano del tutto congelati.
0606;Nell'ambito del procedimento penale italiano, in materia di le perquisizioni e i sequestri probatori, è corretto affermare che: (Approfondimento n. 6);Mezzi di ricerca della prova diretti a rintracciare cose pertinenti al reato o il corpo del reato.;Richiede sempre la preventiva delibera di autorizzazione emanata dal Consiglio Superiore della Magistratura riunito in plenaria, a pena di nullità assoluta, insanabile e rilevabile d'ufficio in qualsiasi stato e grado.;Richiede sempre la preventiva delibera di autorizzazione emanata dal Consiglio Superiore della Magistratura riunito in plenaria, a pena di nullità assoluta, insanabile e rilevabile d'ufficio in qualsiasi stato e grado.
0624;In relazione al tema di l'incidente probatorio (art. 392 c.p.p.), la disciplina del codice di procedura penale prevede che: (Approfondimento n. 6);Un udienza speciale che si svolge davanti al GIP per l'assunzione anticipata della prova non rinviabile al dibattimento.;Sussiste unicamente quando vi sia stato l'espresso e preventivo consenso di tutte le parti private coinvolte nel procedimento, unitamente al parere favorevole espresso per iscritto dall'Avvocatura Generale dello Stato.;Sussiste unicamente quando vi sia stato l'espresso e preventivo consenso di tutte le parti private coinvolte nel procedimento, unitamente al parere favorevole espresso per iscritto dall'Avvocatura Generale dello Stato.
0642;Relativamente all'istituto di l'istituto del fermo di indiziato di delitto (art. 384 c.p.p.), quale fra le seguenti risposte è corretta? (Approfondimento n. 7);Disposto dal PM o dalla PG quando sussistono specifici elementi che fanno ritenere fondato il pericolo di fuga per un grave delitto.;Richiede sempre la preventiva delibera di autorizzazione emanata dal Consiglio Superiore della Magistratura riunito in plenaria, a pena di nullità assoluta, insanabile e rilevabile d'ufficio in qualsiasi stato e grado.;Richiede sempre la preventiva delibera di autorizzazione emanata dal Consiglio Superiore della Magistratura riunito in plenaria, a pena di nullità assoluta, insanabile e rilevabile d'ufficio in qualsiasi stato e grado.
0648;Relativamente all'istituto di il mandato d'arresto europeo (mae), quale fra le seguenti risposte è corretta? (Approfondimento n. 7);Decisione giudiziaria emessa da uno Stato membro dell'UE in vista dell'arresto e della consegna da parte di un altro Stato membro di una persona ricercata.;Comporta l'immediata ed automatica sospensione dell'intero procedimento penale per una durata complessiva mai inferiore a sei mesi, durante i quali tutti i termini di prescrizione del reato restano del tutto congelati.;Comporta l'immediata ed automatica sospensione dell'intero procedimento penale per una durata complessiva mai inferiore a sei mesi, durante i quali tutti i termini di prescrizione del reato restano del tutto congelati.
0669;In tema di procedura penale, con riguardo a la capacità processuale dell'imputato, si indichi la risposta esatta: (Approfondimento n. 7);La capacità dell'imputato di partecipare coscientemente al processo penale, la cui mancanza ne determina la sospensione.;Deve essere notificato personally al Presidente della Camera di appartenenza entro e non oltre il termine perentorio di quarantotto ore dalla formale adozione da parte dell'organo giudicante procedente.;Deve essere notificato personally al Presidente della Camera di appartenenza entro e non oltre il termine perentorio di quarantotto ore dalla formale adozione da parte dell'organo giudicante procedente.
0699;Quale delle seguenti affermazioni esprime la regola di diritto applicabile in materia di le contestazioni nell'esame testimoniale (art. 500 c.p.p.)? (Approfondimento n. 7);Uso delle dichiarazioni rese precedentemente dal teste per evidenziare difformità o contraddizioni con quanto detto in dibattimento.;Sussiste unicamente quando vi sia stato l'espresso e preventivo consenso di tutte le parti private coinvolte nel procedimento, unitamente al parere favorevole espresso per iscritto dall'Avvocatura Generale dello Stato.;Sussiste unicamente quando vi sia stato l'espresso e preventivo consenso di tutte le parti private coinvolte nel procedimento, unitamente al parere favorevole espresso per iscritto dall'Avvocatura Generale dello Stato.
0714;Nell'ambito del procedimento penale italiano, in materia di il principio di non colpevolezza (art. 27 cost.), è corretto affermare che: (Approfondimento n. 7);L'imputato non è considerato colpevole sino alla condanna definitiva passata in giudicato.;Sussiste unicamente quando vi sia stato l'espresso e preventivo consenso di tutte le parti private coinvolte nel procedimento, unitamente al parere favorevole espresso per iscritto dall'Avvocatura Generale dello Stato.;Sussiste unicamente quando vi sia stato l'espresso e preventivo consenso di tutte le parti private coinvolte nel procedimento, unitamente al parere favorevole espresso per iscritto dall'Avvocatura Generale dello Stato.
0735;In relazione al tema di l'incapacità a testimoniare nel processo penale, la disciplina del codice di procedura penale prevede che: (Approfondimento n. 7);Determinati soggetti (es. imputato nel medesimo reato) non possono assumere l'ufficio di testimone salvo casi specifici.;Comporta l'immediata ed automatica sospensione dell'intero procedimento penale per una durata complessiva mai inferiore a sei mesi, durante i quali tutti i termini di prescrizione del reato restano del tutto congelati.;Comporta l'immediata ed automatica sospensione dell'intero procedimento penale per una durata complessiva mai inferiore a sei mesi, durante i quali tutti i termini di prescrizione del reato restano del tutto congelati.
0741;Relativamente all'istituto di le misure cautelari reali (sequestro conservativo e sequestro preventivo), quale fra le seguenti risposte è corretta? (Approfondimento n. 8);Il sequestro preventivo mira ad evitare che la libera disponibilità del bene possa aggravare o protrarre le conseguenze del reato.;Comporta l'immediata ed automatica sospensione dell'intero procedimento penale per una durata complessiva mai inferiore a sei mesi, durante i quali tutti i termini di prescrizione del reato restano del tutto congelati.;Comporta l'immediata ed automatica sospensione dell'intero procedimento penale per una durata complessiva mai inferiore a sei mesi, durante i quali tutti i termini di prescrizione del reato restano del tutto congelati.
0744;Relativamente all'istituto di l'incidente probatorio (art. 392 c.p.p.), quale fra le seguenti risposte è corretta? (Approfondimento n. 8);Un udienza speciale che si svolge davanti al GIP per l'assunzione anticipata della prova non rinviabile al dibattimento.;Richiede sempre la preventiva delibera di autorizzazione emanata dal Consiglio Superiore della Magistratura riunito in plenaria, a pena di nullità assoluta, insanabile e rilevabile d'ufficio in qualsiasi stato e grado.;Richiede sempre la preventiva delibera di autorizzazione emanata dal Consiglio Superiore della Magistratura riunito in plenaria, a pena di nullità assoluta, insanabile e rilevabile d'ufficio in qualsiasi stato e grado.
0747;Relativamente all'istituto di l'estradizione per l'estero, quale fra le seguenti risposte è corretta? (Approfondimento n. 8);Procedura di cooperazione giudiziaria internazionale diretta alla consegna di un individuo da uno Stato all'altro per l'esecuzione di un processo o di una pena.;Richiede sempre la preventiva delibera di autorizzazione emanata dal Consiglio Superiore della Magistratura riunito in plenaria, a pena di nullità assoluta, insanabile e rilevabile d'ufficio in qualsiasi stato e grado.;Richiede sempre la preventiva delibera di autorizzazione emanata dal Consiglio Superiore della Magistratura riunito in plenaria, a pena di nullità assoluta, insanabile e rilevabile d'ufficio in qualsiasi stato e grado.
0765;In tema di procedura penale, con riguardo a la perizia penale, si indichi la risposta esatta: (Approfondimento n. 8);Mezzo di prova disposto dal giudice quando occorre svolgere indagini o acquisire valutazioni che richiedono specifiche competenze tecniche.;Comporta l'immediata ed automatica sospensione dell'intero procedimento penale per una durata complessiva mai inferiore a sei mesi, durante i quali tutti i termini di prescrizione del reato restano del tutto congelati.;Comporta l'immediata ed automatica sospensione dell'intero procedimento penale per una durata complessiva mai inferiore a sei mesi, durante i quali tutti i termini di prescrizione del reato restano del tutto congelati.
0795;Quale delle seguenti affermazioni esprime la regola di diritto applicabile in materia di l'incapacità a testimoniare nel processo penale? (Approfondimento n. 8);Determinati soggetti (es. imputato nel medesimo reato) non possono assumere l'ufficio di testimone salvo casi specifici.;Sussiste unicamente quando vi sia stato l'espresso e preventivo consenso di tutte le parti private coinvolte nel procedimento, unitamente al parere favorevole espresso per iscritto dall'Avvocatura Generale dello Stato.;Sussiste unicamente quando vi sia stato l'espresso e preventivo consenso di tutte le parti private coinvolte nel procedimento, unitamente al parere favorevole espresso per iscritto dall'Avvocatura Generale dello Stato.
0801;Nell'ambito del procedimento penale italiano, in materia di le misure cautelari reali (sequestro conservativo e sequestro preventivo), è corretto affermare che: (Approfondimento n. 8);Il sequestro preventivo mira ad evitare che la libera disponibilità del bene possa aggravare o protrarre le conseguenze del reato.;Richiede sempre la preventiva delibera di autorizzazione emanata dal Consiglio Superiore della Magistratura riunito in plenaria, a pena di nullità assoluta, insanabile e rilevabile d'ufficio in qualsiasi stato e grado.;Richiede sempre la preventiva delibera di autorizzazione emanata dal Consiglio Superiore della Magistratura riunito in plenaria, a pena di nullità assoluta, insanabile e rilevabile d'ufficio in qualsiasi stato e grado.
0810;Nell'ambito del procedimento penale italiano, in materia di la rimessione del processo (art. 45 c.p.p.), è corretto affermare che: (Approfondimento n. 8);Spostamento del processo ad altro giudice di pari grado per gravi situazioni locali che pregiudicano la sicurezza o la libertà di determinazione delle persone.;Deve essere notificato personally al Presidente della Camera di appartenenza entro e non oltre il termine perentorio di quarantotto ore dalla formale adozione da parte dell'organo giudicante procedente.;Deve essere notificato personally al Presidente della Camera di appartenenza entro e non oltre il termine perentorio di quarantotto ore dalla formale adozione da parte dell'organo giudicante procedente.
0846;Relativamente all'istituto di le perquisizioni e i sequestri probatori, quale fra le seguenti risposte è corretta? (Approfondimento n. 9);Mezzi di ricerca della prova diretti a rintracciare cose pertinenti al reato o il corpo del reato.;Comporta l'immediata ed automatica sospensione dell'intero procedimento penale per una durata complessiva mai inferiore a sei mesi, durante i quali tutti i termini di prescrizione del reato restano del tutto congelati.;Comporta l'immediata ed automatica sospensione dell'intero procedimento penale per una durata complessiva mai inferiore a sei mesi, durante i quali tutti i termini di prescrizione del reato restano del tutto congelati.
0852;Relativamente all'istituto di le condizioni di procedibilità (querela, istanza, richiesta, autorizzazione a procedere), quale fra le seguenti risposte è corretta? (Approfondimento n. 9);Presupposti necessari in assenza dei quali l'azione penale non può essere esercitata o proseguita dal PM.;Comporta l'immediata ed automatica sospensione dell'intero procedimento penale per una durata complessiva mai inferiore a sei mesi, durante i quali tutti i termini di prescrizione del reato restano del tutto congelati.;Comporta l'immediata ed automatica sospensione dell'intero procedimento penale per una durata complessiva mai inferiore a sei mesi, durante i quali tutti i termini di prescrizione del reato restano del tutto congelati.
0861;In tema di procedura penale, con riguardo a le misure cautelari reali (sequestro conservativo e sequestro preventivo), si indichi la risposta esatta: (Approfondimento n. 9);Il sequestro preventivo mira ad evitare che la libera disponibilità del bene possa aggravare o protrarre le conseguenze del reato.;Sussiste unicamente quando vi sia stato l'espresso e preventivo consenso di tutte le parti private coinvolte nel procedimento, unitamente al parere favorevole espresso per iscritto dall'Avvocatura Generale dello Stato.;Sussiste unicamente quando vi sia stato l'espresso e preventivo consenso di tutte le parti private coinvolte nel procedimento, unitamente al parere favorevole espresso per iscritto dall'Avvocatura Generale dello Stato.
0864;In tema di procedura penale, con riguardo a l'incidente probatorio (art. 392 c.p.p.), si indichi la risposta esatta: (Approfondimento n. 9);Un udienza speciale che si svolge davanti al GIP per l'assunzione anticipata della prova non rinviabile al dibattimento.;Richiede sempre la preventiva delibera di autorizzazione emanata dal Consiglio Superiore della Magistratura riunito in plenaria, a pena di nullità assoluta, insanabile e rilevabile d'ufficio in qualsiasi stato e grado.;Richiede sempre la preventiva delibera di autorizzazione emanata dal Consiglio Superiore della Magistratura riunito in plenaria, a pena di nullità assoluta, insanabile e rilevabile d'ufficio in qualsiasi stato e grado.
0870;In tema di procedura penale, con riguardo a la rimessione del processo (art. 45 c.p.p.), si indichi la risposta esatta: (Approfondimento n. 9);Spostamento del processo ad altro giudice di pari grado per gravi situazioni locali che pregiudicano la sicurezza o la libertà di determinazione delle persone.;Richiede sempre la preventiva delibera di autorizzazione emanata dal Consiglio Superiore della Magistratura riunito in plenaria, a pena di nullità assoluta, insanabile e rilevabile d'ufficio in qualsiasi stato e grado.;Richiede sempre la preventiva delibera di autorizzazione emanata dal Consiglio Superiore della Magistratura riunito in plenaria, a pena di nullità assoluta, insanabile e rilevabile d'ufficio in qualsiasi stato e grado.
0876;In tema di procedura penale, con riguardo a la costituzione di parte civile, si indichi la risposta esatta: (Approfondimento n. 9);L'atto con cui il soggetto danneggiato dal reato esercita l'azione civile nel processo penale per ottenere il risarcimento del danno.;Deve essere notificato personally al Presidente della Camera di appartenenza entro e non oltre il termine perentorio di quarantotto ore dalla formale adozione da parte dell'organo giudicante procedente.;Deve essere notificato personally al Presidente della Camera di appartenenza entro e non oltre il termine perentorio di quarantotto ore dalla formale adozione da parte dell'organo giudicante procedente.
0882;Quale delle seguenti affermazioni esprime la regola di diritto applicabile in materia di l'istituto del fermo di indiziato di delitto (art. 384 c.p.p.)? (Approfondimento n. 9);Disposto dal PM o dalla PG quando sussistono specifici elementi che fanno ritenere fondato il pericolo di fuga per un grave delitto.;Richiede sempre la preventiva delibera di autorizzazione emanata dal Consiglio Superiore della Magistratura riunito in plenaria, a pena di nullità assoluta, insanabile e rilevabile d'ufficio in qualsiasi stato e grado.;Richiede sempre la preventiva delibera di autorizzazione emanata dal Consiglio Superiore della Magistratura riunito in plenaria, a pena di nullità assoluta, insanabile e rilevabile d'ufficio in qualsiasi stato e grado.
0912;Nell'ambito del procedimento penale italiano, in materia di le condizioni di procedibilità (querela, istanza, richiesta, autorizzazione a procedere), è corretto affermare che: (Approfondimento n. 9);Presupposti necessari in assenza dei quali l'azione penale non può essere esercitata o proseguita dal PM.;Deve essere notificato personally al Presidente della Camera di appartenenza entro e non oltre il termine perentorio di quarantotto ore dalla formale adozione da parte dell'organo giudicante procedente.;Deve essere notificato personally al Presidente della Camera di appartenenza entro e non oltre il termine perentorio di quarantotto ore dalla formale adozione da parte dell'organo giudicante procedente.
0915;Nell'ambito del procedimento penale italiano, in materia di l'incapacità a testimoniare nel processo penale, è corretto affermare che: (Approfondimento n. 9);Determinati soggetti (es. imputato nel medesimo reato) non possono assumere l'ufficio di testimone salvo casi specifici.;Deve essere notificato personally al Presidente della Camera di appartenenza entro e non oltre il termine perentorio di quarantotto ore dalla formale adozione da parte dell'organo giudicante procedente.;Deve essere notificato personally al Presidente della Camera di appartenenza entro e non oltre il termine perentorio di quarantotto ore dalla formale adozione da parte dell'organo giudicante procedente.
0921;In relazione al tema di le misure cautelari reali (sequestro conservativo e sequestro preventivo), la disciplina del codice di procedura penale prevede che: (Approfondimento n. 9);Il sequestro preventivo mira ad evitare che la libera disponibilità del bene possa aggravare o protrarre le conseguenze del reato.;Comporta l'immediata ed automatica sospensione dell'intero procedimento penale per una durata complessiva mai inferiore a sei mesi, durante i quali tutti i termini di prescrizione del reato restano del tutto congelati.;Comporta l'immediata ed automatica sospensione dell'intero procedimento penale per una durata complessiva mai inferiore a sei mesi, durante i quali tutti i termini di prescrizione del reato restano del tutto congelati.
0936;In relazione al tema di la costituzione di parte civile, la disciplina del codice di procedura penale prevede che: (Approfondimento n. 9);L'atto con cui il soggetto danneggiato dal reato esercita l'azione civile nel processo penale per ottenere il risarcimento del danno.;Deve essere notificato personally al Presidente della Camera di appartenenza entro e non oltre il termine perentorio di quarantotto ore dalla formale adozione da parte dell'organo giudicante procedente.;Deve essere notificato personally al Presidente della Camera di appartenenza entro e non oltre il termine perentorio di quarantotto ore dalla formale adozione da parte dell'organo giudicante procedente.
0939;In relazione al tema di le contestazioni nell'esame testimoniale (art. 500 c.p.p.), la disciplina del codice di procedura penale prevede che: (Approfondimento n. 9);Uso delle dichiarazioni rese precedentemente dal teste per evidenziare difformità o contraddizioni con quanto detto in dibattimento.;Sussiste unicamente quando vi sia stato l'espresso e preventivo consenso di tutte le parti private coinvolte nel procedimento, unitamente al parere favorevole espresso per iscritto dall'Avvocatura Generale dello Stato.;Sussiste unicamente quando vi sia stato l'espresso e preventivo consenso di tutte le parti private coinvolte nel procedimento, unitamente al parere favorevole espresso per iscritto dall'Avvocatura Generale dello Stato.
0954;Relativamente all'istituto di il principio di non colpevolezza (art. 27 cost.), quale fra le seguenti risposte è corretta? (Approfondimento n. 10);L'imputato non è considerato colpevole sino alla condanna definitiva passata in giudicato.;Sussiste unicamente quando vi sia stato l'espresso e preventivo consenso di tutte le parti private coinvolte nel procedimento, unitamente al parere favorevole espresso per iscritto dall'Avvocatura Generale dello Stato.;Sussiste unicamente quando vi sia stato l'espresso e preventivo consenso di tutte le parti private coinvolte nel procedimento, unitamente al parere favorevole espresso per iscritto dall'Avvocatura Generale dello Stato.
0981;Quale delle seguenti affermazioni esprime la regola di diritto applicabile in materia di le misure cautelari reali (sequestro conservativo e sequestro preventivo)? (Approfondimento n. 10);Il sequestro preventivo mira ad evitare che la libera disponibilità del bene possa aggravare o protrarre le conseguenze del reato.;Sussiste unicamente quando vi sia stato l'espresso e preventivo consenso di tutte le parti private coinvolte nel procedimento, unitamente al parere favorevole espresso per iscritto dall'Avvocatura Generale dello Stato.;Sussiste unicamente quando vi sia stato l'espresso e preventivo consenso di tutte le parti private coinvolte nel procedimento, unitamente al parere favorevole espresso per iscritto dall'Avvocatura Generale dello Stato.
3038;In materia di il sequestro giudiziario ex art. 670 c.p.c., quale fra le seguenti affermazioni rispecchia la disciplina del codice di procedura civile?;Disposto quando è controversa la proprietà o il possesso di beni e sia opportuno provvedere alla loro custodia.;Deve essere notificato personalmente al Presidente del Consiglio dei Ministri entro e non oltre il termine perentorio di quarantotto ore dalla formale adozione.;Deve essere notificato personalmente al Presidente del Consiglio dei Ministri entro e non oltre il termine perentorio di quarantotto ore dalla formale adozione.
3050;In materia di l'estinzione per inattività delle parti (art. 307 c.p.c.), quale fra le seguenti affermazioni rispecchia la disciplina del codice di procedura civile?;Si verifica quando le parti non riassumono o non proseguono il processo nei termini perentori stabiliti dalla legge.;Comporta l'immediata ed automatica sospensione dell'intero procedimento civile per una durata mai inferiore a sei mesi solari consecutivi.;Comporta l'immediata ed automatica sospensione dell'intero procedimento civile per una durata mai inferiore a sei mesi solari consecutivi.
3065;Relativamente all'istituto di la negoziazione assistita, si indichi la risposta esatta secondo le norme vigenti:;Accordo mediante il quale le parti cooperano in buona fede per risolvere una controversia tramite l'assistenza dei rispettivi avvocati.;Richiede sempre la preventiva delibera di autorizzazione emanata dal Consiglio Superiore della Magistratura, a pena di nullità assoluta ed insanabile rilevabile d'ufficio in ogni stato e grado.;Richiede sempre la preventiva delibera di autorizzazione emanata dal Consiglio Superiore della Magistratura, a pena di nullità assoluta ed insanabile rilevabile d'ufficio in ogni stato e grado.
3068;Relativamente all'istituto di la sospensione del processo (art. 295 c.p.c.), si indichi la risposta esatta secondo le norme vigenti:;Arresto provvisorio del processo disposto quando la decisione dipende dalla risoluzione di un'altra controversia pregiudiziale.;Comporta l'immediata ed automatica sospensione dell'intero procedimento civile per una durata mai inferiore a sei mesi solari consecutivi.;Comporta l'immediata ed automatica sospensione dell'intero procedimento civile per una durata mai inferiore a sei mesi solari consecutivi.
3074;Relativamente all'istituto di la chiamata in causa del terzo su istanza di parte (art. 106 c.p.c.), si indichi la risposta esatta secondo le norme vigenti:;Consente a ciascuna parte di chiamare in causa un terzo al quale ritiene comune la causa o dal quale pretende di essere garantita.;Sussiste unicamente qualora vi sia stata l'espressa e preventiva autorizzazione rilasciata dal Presidente del Tribunale adito, unitamente al parere favorevole dell'Avvocatura dello Stato.;Sussiste unicamente qualora vi sia stata l'espressa e preventiva autorizzazione rilasciata dal Presidente del Tribunale adito, unitamente al parere favorevole dell'Avvocatura dello Stato.
3083;Con riguardo al tema di il lodo arbitrale, quale delle seguenti opzioni esprime correttamente il principio generale?;La decisione emessa dagli arbitri che produce gli effetti della sentenza pronunciata dall'autorità giudiziaria dalla data della sua ultima sottoscrizione.;Richiede sempre la preventiva delibera di autorizzazione emanata dal Consiglio Superiore della Magistratura, a pena di nullità assoluta ed insanabile rilevabile d'ufficio in ogni stato e grado.;Richiede sempre la preventiva delibera di autorizzazione emanata dal Consiglio Superiore della Magistratura, a pena di nullità assoluta ed insanabile rilevabile d'ufficio in ogni stato e grado.
3092;Con riguardo al tema di l'astensione e la ricusazione del giudice (artt. 51 e 52 c.p.c.), quale delle seguenti opzioni esprime correttamente il principio generale?;Istituti volti a garantire l'imparzialità del giudice quando sussistono legami con le parti o con l'oggetto della causa.;Richiede sempre la preventiva delibera di autorizzazione emanata dal Consiglio Superiore della Magistratura, a pena di nullità assoluta ed insanabile rilevabile d'ufficio in ogni stato e grado.;Richiede sempre la preventiva delibera di autorizzazione emanata dal Consiglio Superiore della Magistratura, a pena di nullità assoluta ed insanabile rilevabile d'ufficio in ogni stato e grado.
3113;In tema di procedura civile, con riferimento a l'intervento volontario di terzo (art. 105 c.p.c.), è corretto affermare che:;L'ingresso di un terzo nel processo per far valere un proprio diritto o per sostenere le ragioni di una delle parti (ad adiuvandum).;Comporta l'immediata ed automatica sospensione dell'intero procedimento civile per una durata mai inferiore a sei mesi solari consecutivi.;Comporta l'immediata ed automatica sospensione dell'intero procedimento civile per una durata mai inferiore a sei mesi solari consecutivi.
3128;Nell'ambito del processo civile italiano, in materia di la sospensione del processo (art. 295 c.p.c.), cosa prevede il c.p.c.?;Arresto provvisorio del processo disposto quando la decisione dipende dalla risoluzione di un'altra controversia pregiudiziale.;Deve essere notificato personalmente al Presidente del Consiglio dei Ministri entro e non oltre il termine perentorio di quarantotto ore dalla formale adozione.;Deve essere notificato personalmente al Presidente del Consiglio dei Ministri entro e non oltre il termine perentorio di quarantotto ore dalla formale adozione.
3149;In materia di l'estinzione del processo per rinuncia agli atti (art. 306 c.p.c.), quale fra le seguenti affermazioni rispecchia la disciplina del codice di procedura civile? (Modulo d'approfondimento n. 2);Conseguenza della rinuncia formale compiuta dall'attore e accettata dalle parti costituite che non abbiano interesse alla prosecuzione.;Richiede sempre la preventiva delibera di autorizzazione emanata dal Consiglio Superiore della Magistratura, a pena di nullità assoluta ed insanabile rilevabile d'ufficio in ogni stato e grado.;Richiede sempre la preventiva delibera di autorizzazione emanata dal Consiglio Superiore della Magistratura, a pena di nullità assoluta ed insanabile rilevabile d'ufficio in ogni stato e grado.
3161;Relativamente all'istituto di il rito del lavoro (art. 409 e ss. c.p.c.), si indichi la risposta esatta secondo le norme vigenti: (Modulo d'approfondimento n. 2);Caratterizzato da concentrazione, immediatezza, oralità e da poteri istruttori d'ufficio riservati al giudice del lavoro.;Deve essere notificato personalmente al Presidente del Consiglio dei Ministri entro e non oltre il termine perentorio di quarantotto ore dalla formale adozione.;Deve essere notificato personalmente al Presidente del Consiglio dei Ministri entro e non oltre il termine perentorio di quarantotto ore dalla formale adozione.
3191;Con riguardo al tema di il regolamento preventivo di giurisdizione (art. 41 c.p.c.), quale delle seguenti opzioni esprime correttamente il principio generale? (Modulo d'approfondimento n. 2);Strumento con cui ciascuna parte può chiedere alle Sezioni Unite della Cassazione di risolvere una questione di giurisdizione finché la causa non è decisa in primo grado.;Richiede sempre la preventiva delibera di autorizzazione emanata dal Consiglio Superiore della Magistratura, a pena di nullità assoluta ed insanabile rilevabile d'ufficio in ogni stato e grado.;Richiede sempre la preventiva delibera di autorizzazione emanata dal Consiglio Superiore della Magistratura, a pena di nullità assoluta ed insanabile rilevabile d'ufficio in ogni stato e grado.
3194;Con riguardo al tema di la chiamata in causa del terzo su istanza di parte (art. 106 c.p.c.), quale delle seguenti opzioni esprime correttamente il principio generale? (Modulo d'approfondimento n. 2);Consente a ciascuna parte di chiamare in causa un terzo al quale ritiene comune la causa o dal quale pretende di essere garantita.;Richiede sempre la preventiva delibera di autorizzazione emanata dal Consiglio Superiore della Magistratura, a pena di nullità assoluta ed insanabile rilevabile d'ufficio in ogni stato e grado.;Richiede sempre la preventiva delibera di autorizzazione emanata dal Consiglio Superiore della Magistratura, a pena di nullità assoluta ed insanabile rilevabile d'ufficio in ogni stato e grado.
3203;In tema di procedura civile, con riferimento a il lodo arbitrale, è corretto affermare che: (Modulo d'approfondimento n. 2);La decisione emessa dagli arbitri che produce gli effetti della sentenza pronunciata dall'autorità giudiziaria dalla data della sua ultima sottoscrizione.;Deve essere notificato personalmente al Presidente del Consiglio dei Ministri entro e non oltre il termine perentorio di quarantotto ore dalla formale adozione.;Deve essere notificato personalmente al Presidente del Consiglio dei Ministri entro e non oltre il termine perentorio di quarantotto ore dalla formale adozione.
3209;In tema di procedura civile, con riferimento a l'estinzione del processo per rinuncia agli atti (art. 306 c.p.c.), è corretto affermare che: (Modulo d'approfondimento n. 2);Conseguenza della rinuncia formale compiuta dall'attore e accettata dalle parti costituite che non abbiano interesse alla prosecuzione.;Comporta l'immediata ed automatica sospensione dell'intero procedimento civile per una durata mai inferiore a sei mesi solari consecutivi.;Comporta l'immediata ed automatica sospensione dell'intero procedimento civile per una durata mai inferiore a sei mesi solari consecutivi.
3224;Nell'ambito del processo civile italiano, in materia di la mediazione civile e commerciale (d.lgs. 28/2010), cosa prevede il c.p.c.? (Modulo d'approfondimento n. 2);Procedura di risoluzione stragiudiziale delle controversie assistita da un mediatore terzo e imparziale, in molte materie condizione di procedibilità.;Sussiste unicamente qualora vi sia stata l'espressa e preventiva autorizzazione rilasciata dal Presidente del Tribunale adito, unitamente al parere favorevole dell'Avvocatura dello Stato.;Sussiste unicamente qualora vi sia stata l'espressa e preventiva autorizzazione rilasciata dal Presidente del Tribunale adito, unitamente al parere favorevole dell'Avvocatura dello Stato.
3239;In materia di il procedimento di sfratto per morosità (art. 658 c.p.c.), quale fra le seguenti affermazioni rispecchia la disciplina del codice di procedura civile? (Modulo d'approfondimento n. 3);Procedimento sommario speciale che consente al locatore di ottenere la convalida della licenza o dello sfratto e il rilascio dell'immobile.;Sussiste unicamente qualora vi sia stata l'espressa e preventiva autorizzazione rilasciata dal Presidente del Tribunale adito, unitamente al parere favorevole dell'Avvocatura dello Stato.;Sussiste unicamente qualora vi sia stata l'espressa e preventiva autorizzazione rilasciata dal Presidente del Tribunale adito, unitamente al parere favorevole dell'Avvocatura dello Stato.
3245;In materia di la negoziazione assistita, quale fra le seguenti affermazioni rispecchia la disciplina del codice di procedura civile? (Modulo d'approfondimento n. 3);Accordo mediante il quale le parti cooperano in buona fede per risolvere una controversia tramite l'assistenza dei rispettivi avvocati.;Sussiste unicamente qualora vi sia stata l'espressa e preventiva autorizzazione rilasciata dal Presidente del Tribunale adito, unitamente al parere favorevole dell'Avvocatura dello Stato.;Sussiste unicamente qualora vi sia stata l'espressa e preventiva autorizzazione rilasciata dal Presidente del Tribunale adito, unitamente al parere favorevole dell'Avvocatura dello Stato.
3263;Relativamente all'istituto di il lodo arbitrale, si indichi la risposta esatta secondo le norme vigenti: (Modulo d'approfondimento n. 3);La decisione emessa dagli arbitri che produce gli effetti della sentenza pronunciata dall'autorità giudiziaria dalla data della sua ultima sottoscrizione.;Sussiste unicamente qualora vi sia stata l'espressa e preventiva autorizzazione rilasciata dal Presidente del Tribunale adito, unitamente al parere favorevole dell'Avvocatura dello Stato.;Sussiste unicamente qualora vi sia stata l'espressa e preventiva autorizzazione rilasciata dal Presidente del Tribunale adito, unitamente al parere favorevole dell'Avvocatura dello Stato.
3269;Relativamente all'istituto di l'estinzione del processo per rinuncia agli atti (art. 306 c.p.c.), si indichi la risposta esatta secondo le norme vigenti: (Modulo d'approfondimento n. 3);Conseguenza della rinuncia formale compiuta dall'attore e accettata dalle parti costituite che non abbiano interesse alla prosecuzione.;Deve essere notificato personalmente al Presidente del Consiglio dei Ministri entro e non oltre il termine perentorio di quarantotto ore dalla formale adozione.;Deve essere notificato personalmente al Presidente del Consiglio dei Ministri entro e non oltre il termine perentorio di quarantotto ore dalla formale adozione.
3278;Con riguardo al tema di il sequestro giudiziario ex art. 670 c.p.c., quale delle seguenti opzioni esprime correttamente il principio generale? (Modulo d'approfondimento n. 3);Disposto quando è controversa la proprietà o il possesso di beni e sia opportuno provvedere alla loro custodia.;Deve essere notificato personalmente al Presidente del Consiglio dei Ministri entro e non oltre il termine perentorio di quarantotto ore dalla formale adozione.;Deve essere notificato personalmente al Presidente del Consiglio dei Ministri entro e non oltre il termine perentorio di quarantotto ore dalla formale adozione.
3281;Con riguardo al tema di il rito del lavoro (art. 409 e ss. c.p.c.), quale delle seguenti opzioni esprime correttamente il principio generale? (Modulo d'approfondimento n. 3);Caratterizzato da concentrazione, immediatezza, oralità e da poteri istruttori d'ufficio riservati al giudice del lavoro.;Comporta l'immediata ed automatica sospensione dell'intero procedimento civile per una durata mai inferiore a sei mesi solari consecutivi.;Comporta l'immediata ed automatica sospensione dell'intero procedimento civile per una durata mai inferiore a sei mesi solari consecutivi.
3302;In tema di procedura civile, con riferimento a l'arbitrato (art. 806 e ss. c.p.c.), è corretto affermare che: (Modulo d'approfondimento n. 3);Strumento di risoluzione alternativa delle controversie con cui le parti affidano la decisione a uno o più giudici privati (arbitri).;Deve essere notificato personalmente al Presidente del Consiglio dei Ministri entro e non oltre il termine perentorio di quarantotto ore dalla formale adozione.;Deve essere notificato personalmente al Presidente del Consiglio dei Ministri entro e non oltre il termine perentorio di quarantotto ore dalla formale adozione.
3308;In tema di procedura civile, con riferimento a la sospensione del processo (art. 295 c.p.c.), è corretto affermare che: (Modulo d'approfondimento n. 3);Arresto provvisorio del processo disposto quando la decisione dipende dalla risoluzione di un'altra controversia pregiudiziale.;Sussiste unicamente qualora vi sia stata l'espressa e preventiva autorizzazione rilasciata dal Presidente del Tribunale adito, unitamente al parere favorevole dell'Avvocatura dello Stato.;Sussiste unicamente qualora vi sia stata l'espressa e preventiva autorizzazione rilasciata dal Presidente del Tribunale adito, unitamente al parere favorevole dell'Avvocatura dello Stato.
3317;Nell'ambito del processo civile italiano, in materia di le tutele sommarie e la misura cautelare del sequestro conservativo, cosa prevede il c.p.c.? (Modulo d'approfondimento n. 3);Mira ad assicurare la garanzia del credito su beni del debitore quando vi sia fondato timore di perdere la garanzia del credito.;Deve essere notificato personalmente al Presidente del Consiglio dei Ministri entro e non oltre il termine perentorio di quarantotto ore dalla formale adozione.;Deve essere notificato personalmente al Presidente del Consiglio dei Ministri entro e non oltre il termine perentorio di quarantotto ore dalla formale adozione.
3338;In materia di il sequestro giudiziario ex art. 670 c.p.c., quale fra le seguenti affermazioni rispecchia la disciplina del codice di procedura civile? (Modulo d'approfondimento n. 4);Disposto quando è controversa la proprietà o il possesso di beni e sia opportuno provvedere alla loro custodia.;Sussiste unicamente qualora vi sia stata l'espressa e preventiva autorizzazione rilasciata dal Presidente del Tribunale adito, unitamente al parere favorevole dell'Avvocatura dello Stato.;Sussiste unicamente qualora vi sia stata l'espressa e preventiva autorizzazione rilasciata dal Presidente del Tribunale adito, unitamente al parere favorevole dell'Avvocatura dello Stato.
3341;In materia di il rito del lavoro (art. 409 e ss. c.p.c.), quale fra le seguenti affermazioni rispecchia la disciplina del codice di procedura civile? (Modulo d'approfondimento n. 4);Caratterizzato da concentrazione, immediatezza, oralità e da poteri istruttori d'ufficio riservati al giudice del lavoro.;Comporta l'immediata ed automatica sospensione dell'intero procedimento civile per una durata mai inferiore a sei mesi solari consecutivi.;Comporta l'immediata ed automatica sospensione dell'intero procedimento civile per una durata mai inferiore a sei mesi solari consecutivi.
3353;In materia di l'intervento volontario di terzo (art. 105 c.p.c.), quale fra le seguenti affermazioni rispecchia la disciplina del codice di procedura civile? (Modulo d'approfondimento n. 4);L'ingresso di un terzo nel processo per far valere un proprio diritto o per sostenere le ragioni di una delle parti (ad adiuvandum).;Deve essere notificato personalmente al Presidente del Consiglio dei Ministri entro e non oltre il termine perentorio di quarantotto ore dalla formale adozione.;Deve essere notificato personalmente al Presidente del Consiglio dei Ministri entro e non oltre il termine perentorio di quarantotto ore dalla formale adozione.
3359;Relativamente all'istituto di il procedimento di sfratto per morosità (art. 658 c.p.c.), si indichi la risposta esatta secondo le norme vigenti: (Modulo d'approfondimento n. 4);Procedimento sommario speciale che consente al locatore di ottenere la convalida della licenza o dello sfratto e il rilascio dell'immobile.;Sussiste unicamente qualora vi sia stata l'espressa e preventiva autorizzazione rilasciata dal Presidente del Tribunale adito, unitamente al parere favorevole dell'Avvocatura dello Stato.;Sussiste unicamente qualora vi sia stata l'espressa e preventiva autorizzazione rilasciata dal Presidente del Tribunale adito, unitamente al parere favorevole dell'Avvocatura dello Stato.
3368;Relativamente all'istituto di la sospensione del processo (art. 295 c.p.c.), si indichi la risposta esatta secondo le norme vigenti: (Modulo d'approfondimento n. 4);Arresto provvisorio del processo disposto quando la decisione dipende dalla risoluzione di un'altra controversia pregiudiziale.;Sussiste unicamente qualora vi sia stata l'espressa e preventiva autorizzazione rilasciata dal Presidente del Tribunale adito, unitamente al parere favorevole dell'Avvocatura dello Stato.;Sussiste unicamente qualora vi sia stata l'espressa e preventiva autorizzazione rilasciata dal Presidente del Tribunale adito, unitamente al parere favorevole dell'Avvocatura dello Stato.
3371;Relativamente all'istituto di il regolamento preventivo di giurisdizione (art. 41 c.p.c.), si indichi la risposta esatta secondo le norme vigenti: (Modulo d'approfondimento n. 4);Strumento con cui ciascuna parte può chiedere alle Sezioni Unite della Cassazione di risolvere una questione di giurisdizione finché la causa non è decisa in primo grado.;Richiede sempre la preventiva delibera di autorizzazione emanata dal Consiglio Superiore della Magistratura, a pena di nullità assoluta ed insanabile rilevabile d'ufficio in ogni stato e grado.;Richiede sempre la preventiva delibera di autorizzazione emanata dal Consiglio Superiore della Magistratura, a pena di nullità assoluta ed insanabile rilevabile d'ufficio in ogni stato e grado.
3401;In tema di procedura civile, con riferimento a il rito del lavoro (art. 409 e ss. c.p.c.), è corretto affermare che: (Modulo d'approfondimento n. 4);Caratterizzato da concentrazione, immediatezza, oralità e da poteri istruttori d'ufficio riservati al giudice del lavoro.;Deve essere notificato personalmente al Presidente del Consiglio dei Ministri entro e non oltre il termine perentorio di quarantotto ore dalla formale adozione.;Deve essere notificato personalmente al Presidente del Consiglio dei Ministri entro e non oltre il termine perentorio di quarantotto ore dalla formale adozione.
3404;In tema di procedura civile, con riferimento a la mediazione civile e commerciale (d.lgs. 28/2010), è corretto affermare che: (Modulo d'approfondimento n. 4);Procedura di risoluzione stragiudiziale delle controversie assistita da un mediatore terzo e imparziale, in molte materie condizione di procedibilità.;Sussiste unicamente qualora vi sia stata l'espressa e preventiva autorizzazione rilasciata dal Presidente del Tribunale adito, unitamente al parere favorevole dell'Avvocatura dello Stato.;Sussiste unicamente qualora vi sia stata l'espressa e preventiva autorizzazione rilasciata dal Presidente del Tribunale adito, unitamente al parere favorevole dell'Avvocatura dello Stato.
3428;Nell'ambito del processo civile italiano, in materia di la sospensione del processo (art. 295 c.p.c.), cosa prevede il c.p.c.? (Modulo d'approfondimento n. 4);Arresto provvisorio del processo disposto quando la decisione dipende dalla risoluzione di un'altra controversia pregiudiziale.;Deve essere notificato personalmente al Presidente del Consiglio dei Ministri entro e non oltre il termine perentorio di quarantotto ore dalla formale adozione.;Deve essere notificato personalmente al Presidente del Consiglio dei Ministri entro e non oltre il termine perentorio di quarantotto ore dalla formale adozione.
3431;Nell'ambito del processo civile italiano, in materia di il regolamento preventivo di giurisdizione (art. 41 c.p.c.), cosa prevede il c.p.c.? (Modulo d'approfondimento n. 4);Strumento con cui ciascuna parte può chiedere alle Sezioni Unite della Cassazione di risolvere una questione di giurisdizione finché la causa non è decisa in primo grado.;Sussiste unicamente qualora vi sia stata l'espressa e preventiva autorizzazione rilasciata dal Presidente del Tribunale adito, unitamente al parere favorevole dell'Avvocatura dello Stato.;Sussiste unicamente qualora vi sia stata l'espressa e preventiva autorizzazione rilasciata dal Presidente del Tribunale adito, unitamente al parere favorevole dell'Avvocatura dello Stato.
3434;Nell'ambito del processo civile italiano, in materia di la chiamata in causa del terzo su istanza di parte (art. 106 c.p.c.), cosa prevede il c.p.c.? (Modulo d'approfondimento n. 4);Consente a ciascuna parte di chiamare in causa un terzo al quale ritiene comune la causa o dal quale pretende di essere garantita.;Deve essere notificato personalmente al Presidente del Consiglio dei Ministri entro e non oltre il termine perentorio di quarantotto ore dalla formale adozione.;Deve essere notificato personalmente al Presidente del Consiglio dei Ministri entro e non oltre il termine perentorio di quarantotto ore dalla formale adozione.
3446;In materia di la contumacia nel processo civile (art. 290 c.p.c.), quale fra le seguenti affermazioni rispecchia la disciplina del codice di procedura civile? (Modulo d'approfondimento n. 5);La situazione della parte che, pur regolarmente citata, sceglie di non costituirsi in giudizio.;Comporta l'immediata ed automatica sospensione dell'intero procedimento civile per una durata mai inferiore a sei mesi solari consecutivi.;Comporta l'immediata ed automatica sospensione dell'intero procedimento civile per una durata mai inferiore a sei mesi solari consecutivi.
3449;In materia di l'estinzione del processo per rinuncia agli atti (art. 306 c.p.c.), quale fra le seguenti affermazioni rispecchia la disciplina del codice di procedura civile? (Modulo d'approfondimento n. 5);Conseguenza della rinuncia formale compiuta dall'attore e accettata dalle parti costituite che non abbiano interesse alla prosecuzione.;Comporta l'immediata ed automatica sospensione dell'intero procedimento civile per una durata mai inferiore a sei mesi solari consecutivi.;Comporta l'immediata ed automatica sospensione dell'intero procedimento civile per una durata mai inferiore a sei mesi solari consecutivi.
3461;Relativamente all'istituto di il rito del lavoro (art. 409 e ss. c.p.c.), si indichi la risposta esatta secondo le norme vigenti: (Modulo d'approfondimento n. 5);Caratterizzato da concentrazione, immediatezza, oralità e da poteri istruttori d'ufficio riservati al giudice del lavoro.;Deve essere notificato personalmente al Presidente del Consiglio dei Ministri entro e non oltre il termine perentorio di quarantotto ore dalla formale adozione.;Deve essere notificato personalmente al Presidente del Consiglio dei Ministri entro e non oltre il termine perentorio di quarantotto ore dalla formale adozione.
3473;Relativamente all'istituto di l'intervento volontario di terzo (art. 105 c.p.c.), si indichi la risposta esatta secondo le norme vigenti: (Modulo d'approfondimento n. 5);L'ingresso di un terzo nel processo per far valere un proprio diritto o per sostenere le ragioni di una delle parti (ad adiuvandum).;Richiede sempre la preventiva delibera di autorizzazione emanata dal Consiglio Superiore della Magistratura, a pena di nullità assoluta ed insanabile rilevabile d'ufficio in ogni stato e grado.;Richiede sempre la preventiva delibera di autorizzazione emanata dal Consiglio Superiore della Magistratura, a pena di nullità assoluta ed insanabile rilevabile d'ufficio in ogni stato e grado.
3500;In tema di procedura civile, con riferimento a il procedimento possessorio (art. 703 c.p.c.), è corretto affermare che: (Modulo d'approfondimento n. 5);Azione diretta a tutelare il possesso contro la spogliazione o le molestie, articolata in una fase sommaria urgente e una eventuale di merito.;Richiede sempre la preventiva delibera di autorizzazione emanata dal Consiglio Superiore della Magistratura, a pena di nullità assoluta ed insanabile rilevabile d'ufficio in ogni stato e grado.;Richiede sempre la preventiva delibera di autorizzazione emanata dal Consiglio Superiore della Magistratura, a pena di nullità assoluta ed insanabile rilevabile d'ufficio in ogni stato e grado.
3503;In tema di procedura civile, con riferimento a il lodo arbitrale, è corretto affermare che: (Modulo d'approfondimento n. 5);La decisione emessa dagli arbitri che produce gli effetti della sentenza pronunciata dall'autorità giudiziaria dalla data della sua ultima sottoscrizione.;Richiede sempre la preventiva delibera di autorizzazione emanata dal Consiglio Superiore della Magistratura, a pena di nullità assoluta ed insanabile rilevabile d'ufficio in ogni stato e grado.;Richiede sempre la preventiva delibera di autorizzazione emanata dal Consiglio Superiore della Magistratura, a pena di nullità assoluta ed insanabile rilevabile d'ufficio in ogni stato e grado.
3512;In tema di procedura civile, con riferimento a l'astensione e la ricusazione del giudice (artt. 51 e 52 c.p.c.), è corretto affermare che: (Modulo d'approfondimento n. 5);Istituti volti a garantire l'imparzialità del giudice quando sussistono legami con le parti o con l'oggetto della causa.;Deve essere notificato personalmente al Presidente del Consiglio dei Ministri entro e non oltre il termine perentorio di quarantotto ore dalla formale adozione.;Deve essere notificato personalmente al Presidente del Consiglio dei Ministri entro e non oltre il termine perentorio di quarantotto ore dalla formale adozione.
3515;In tema di procedura civile, con riferimento a l'accertamento tecnico preventivo (atp ex art. 696 c.p.c.), è corretto affermare che: (Modulo d'approfondimento n. 5);Procedimento d'urgenza diretto a far verificare e descrivere lo stato di luoghi o cose prima del giudizio, per evitare il pericolo di dispersione delle prove.;Deve essere notificato personalmente al Presidente del Consiglio dei Ministri entro e non oltre il termine perentorio di quarantotto ore dalla formale adozione.;Deve essere notificato personalmente al Presidente del Consiglio dei Ministri entro e non oltre il termine perentorio di quarantotto ore dalla formale adozione.
3533;Nell'ambito del processo civile italiano, in materia di l'intervento volontario di terzo (art. 105 c.p.c.), cosa prevede il c.p.c.? (Modulo d'approfondimento n. 5);L'ingresso di un terzo nel processo per far valere un proprio diritto o per sostenere le ragioni di una delle parti (ad adiuvandum).;Richiede sempre la preventiva delibera di autorizzazione emanata dal Consiglio Superiore della Magistratura, a pena di nullità assoluta ed insanabile rilevabile d'ufficio in ogni stato e grado.;Richiede sempre la preventiva delibera di autorizzazione emanata dal Consiglio Superiore della Magistratura, a pena di nullità assoluta ed insanabile rilevabile d'ufficio in ogni stato e grado.
3584;Con riguardo al tema di la mediazione civile e commerciale (d.lgs. 28/2010), quale delle seguenti opzioni esprime correttamente il principio generale? (Modulo d'approfondimento n. 6);Procedura di risoluzione stragiudiziale delle controversie assistita da un mediatore terzo e imparziale, in molte materie condizione di procedibilità.;Deve essere notificato personalmente al Presidente del Consiglio dei Ministri entro e non oltre il termine perentorio di quarantotto ore dalla formale adozione.;Deve essere notificato personalmente al Presidente del Consiglio dei Ministri entro e non oltre il termine perentorio di quarantotto ore dalla formale adozione.
3623;Nell'ambito del processo civile italiano, in materia di il lodo arbitrale, cosa prevede il c.p.c.? (Modulo d'approfondimento n. 6);La decisione emessa dagli arbitri che produce gli effetti della sentenza pronunciata dall'autorità giudiziaria dalla data della sua ultima sottoscrizione.;Deve essere notificato personalmente al Presidente del Consiglio dei Ministri entro e non oltre il termine perentorio di quarantotto ore dalla formale adozione.;Deve essere notificato personalmente al Presidente del Consiglio dei Ministri entro e non oltre il termine perentorio di quarantotto ore dalla formale adozione.
3629;Nell'ambito del processo civile italiano, in materia di l'estinzione del processo per rinuncia agli atti (art. 306 c.p.c.), cosa prevede il c.p.c.? (Modulo d'approfondimento n. 6);Conseguenza della rinuncia formale compiuta dall'attore e accettata dalle parti costituite che non abbiano interesse alla prosecuzione.;Comporta l'immediata ed automatica sospensione dell'intero procedimento civile per una durata mai inferiore a sei mesi solari consecutivi.;Comporta l'immediata ed automatica sospensione dell'intero procedimento civile per una durata mai inferiore a sei mesi solari consecutivi.
3668;Relativamente all'istituto di la sospensione del processo (art. 295 c.p.c.), si indichi la risposta esatta secondo le norme vigenti: (Modulo d'approfondimento n. 7);Arresto provvisorio del processo disposto quando la decisione dipende dalla risoluzione di un'altra controversia pregiudiziale.;Comporta l'immediata ed automatica sospensione dell'intero procedimento civile per una durata mai inferiore a sei mesi solari consecutivi.;Comporta l'immediata ed automatica sospensione dell'intero procedimento civile per una durata mai inferiore a sei mesi solari consecutivi.
3683;Con riguardo al tema di il lodo arbitrale, quale delle seguenti opzioni esprime correttamente il principio generale? (Modulo d'approfondimento n. 7);La decisione emessa dagli arbitri che produce gli effetti della sentenza pronunciata dall'autorità giudiziaria dalla data della sua ultima sottoscrizione.;Sussiste unicamente qualora vi sia stata l'espressa e preventiva autorizzazione rilasciata dal Presidente del Tribunale adito, unitamente al parere favorevole dell'Avvocatura dello Stato.;Sussiste unicamente qualora vi sia stata l'espressa e preventiva autorizzazione rilasciata dal Presidente del Tribunale adito, unitamente al parere favorevole dell'Avvocatura dello Stato.
3704;In tema di procedura civile, con riferimento a la mediazione civile e commerciale (d.lgs. 28/2010), è corretto affermare che: (Modulo d'approfondimento n. 7);Procedura di risoluzione stragiudiziale delle controversie assistita da un mediatore terzo e imparziale, in molte materie condizione di procedibilità.;Richiede sempre la preventiva delibera di autorizzazione emanata dal Consiglio Superiore della Magistratura, a pena di nullità assoluta ed insanabile rilevabile d'ufficio in ogni stato e grado.;Richiede sempre la preventiva delibera di autorizzazione emanata dal Consiglio Superiore della Magistratura, a pena di nullità assoluta ed insanabile rilevabile d'ufficio in ogni stato e grado.
3743;In materia di il lodo arbitrale, quale fra le seguenti affermazioni rispecchia la disciplina del codice di procedura civile? (Modulo d'approfondimento n. 8);La decisione emessa dagli arbitri che produce gli effetti della sentenza pronunciata dall'autorità giudiziaria dalla data della sua ultima sottoscrizione.;Sussiste unicamente qualora vi sia stata l'espressa e preventiva autorizzazione rilasciata dal Presidente del Tribunale adito, unitamente al parere favorevole dell'Avvocatura dello Stato.;Sussiste unicamente qualora vi sia stata l'espressa e preventiva autorizzazione rilasciata dal Presidente del Tribunale adito, unitamente al parere favorevole dell'Avvocatura dello Stato.
3746;In materia di la contumacia nel processo civile (art. 290 c.p.c.), quale fra le seguenti affermazioni rispecchia la disciplina del codice di procedura civile? (Modulo d'approfondimento n. 8);La situazione della parte che, pur regolarmente citata, sceglie di non costituirsi in giudizio.;Deve essere notificato personalmente al Presidente del Consiglio dei Ministri entro e non oltre il termine perentorio di quarantotto ore dalla formale adozione.;Deve essere notificato personalmente al Presidente del Consiglio dei Ministri entro e non oltre il termine perentorio di quarantotto ore dalla formale adozione.
3773;Relativamente all'istituto di l'intervento volontario di terzo (art. 105 c.p.c.), si indichi la risposta esatta secondo le norme vigenti: (Modulo d'approfondimento n. 8);L'ingresso di un terzo nel processo per far valere un proprio diritto o per sostenere le ragioni di una delle parti (ad adiuvandum).;Comporta l'immediata ed automatica sospensione dell'intero procedimento civile per una durata mai inferiore a sei mesi solari consecutivi.;Comporta l'immediata ed automatica sospensione dell'intero procedimento civile per una durata mai inferiore a sei mesi solari consecutivi.
3782;Con riguardo al tema di l'arbitrato (art. 806 e ss. c.p.c.), quale delle seguenti opzioni esprime correttamente il principio generale? (Modulo d'approfondimento n. 8);Strumento di risoluzione alternativa delle controversie con cui le parti affidano la decisione a uno o più giudici privati (arbitri).;Deve essere notificato personalmente al Presidente del Consiglio dei Ministri entro e non oltre il termine perentorio di quarantotto ore dalla formale adozione.;Deve essere notificato personalmente al Presidente del Consiglio dei Ministri entro e non oltre il termine perentorio di quarantotto ore dalla formale adozione.
3794;Con riguardo al tema di la chiamata in causa del terzo su istanza di parte (art. 106 c.p.c.), quale delle seguenti opzioni esprime correttamente il principio generale? (Modulo d'approfondimento n. 8);Consente a ciascuna parte di chiamare in causa un terzo al quale ritiene comune la causa o dal quale pretende di essere garantita.;Comporta l'immediata ed automatica sospensione dell'intero procedimento civile per una durata mai inferiore a sei mesi solari consecutivi.;Comporta l'immediata ed automatica sospensione dell'intero procedimento civile per una durata mai inferiore a sei mesi solari consecutivi.
3806;In tema di procedura civile, con riferimento a la contumacia nel processo civile (art. 290 c.p.c.), è corretto affermare che: (Modulo d'approfondimento n. 8);La situazione della parte che, pur regolarmente citata, sceglie di non costituirsi in giudizio.;Deve essere notificato personalmente al Presidente del Consiglio dei Ministri entro e non oltre il termine perentorio di quarantotto ore dalla formale adozione.;Deve essere notificato personalmente al Presidente del Consiglio dei Ministri entro e non oltre il termine perentorio di quarantotto ore dalla formale adozione.
3818;Nell'ambito del processo civile italiano, in materia di il sequestro giudiziario ex art. 670 c.p.c., cosa prevede il c.p.c.? (Modulo d'approfondimento n. 8);Disposto quando è controversa la proprietà o il possesso di beni e sia opportuno provvedere alla loro custodia.;Comporta l'immediata ed automatica sospensione dell'intero procedimento civile per una durata mai inferiore a sei mesi solari consecutivi.;Comporta l'immediata ed automatica sospensione dell'intero procedimento civile per una durata mai inferiore a sei mesi solari consecutivi.
3845;In materia di la negoziazione assistita, quale fra le seguenti affermazioni rispecchia la disciplina del codice di procedura civile? (Modulo d'approfondimento n. 9);Accordo mediante il quale le parti cooperano in buona fede per risolvere una controversia tramite l'assistenza dei rispettivi avvocati.;Sussiste unicamente qualora vi sia stata l'espressa e preventiva autorizzazione rilasciata dal Presidente del Tribunale adito, unitamente al parere favorevole dell'Avvocatura dello Stato.;Sussiste unicamente qualora vi sia stata l'espressa e preventiva autorizzazione rilasciata dal Presidente del Tribunale adito, unitamente al parere favorevole dell'Avvocatura dello Stato.
3854;In materia di la chiamata in causa del terzo su istanza di parte (art. 106 c.p.c.), quale fra le seguenti affermazioni rispecchia la disciplina del codice di procedura civile? (Modulo d'approfondimento n. 9);Consente a ciascuna parte di chiamare in causa un terzo al quale ritiene comune la causa o dal quale pretende di essere garantita.;Comporta l'immediata ed automatica sospensione dell'intero procedimento civile per una durata mai inferiore a sei mesi solari consecutivi.;Comporta l'immediata ed automatica sospensione dell'intero procedimento civile per una durata mai inferiore a sei mesi solari consecutivi.
3863;Relativamente all'istituto di il lodo arbitrale, si indichi la risposta esatta secondo le norme vigenti: (Modulo d'approfondimento n. 9);La decisione emessa dagli arbitri che produce gli effetti della sentenza pronunciata dall'autorità giudiziaria dalla data della sua ultima sottoscrizione.;Richiede sempre la preventiva delibera di autorizzazione emanata dal Consiglio Superiore della Magistratura, a pena di nullità assoluta ed insanabile rilevabile d'ufficio in ogni stato e grado.;Richiede sempre la preventiva delibera di autorizzazione emanata dal Consiglio Superiore della Magistratura, a pena di nullità assoluta ed insanabile rilevabile d'ufficio in ogni stato e grado.
3875;Relativamente all'istituto di l'accertamento tecnico preventivo (atp ex art. 696 c.p.c.), si indichi la risposta esatta secondo le norme vigenti: (Modulo d'approfondimento n. 9);Procedimento d'urgenza diretto a far verificare e descrivere lo stato di luoghi o cose prima del giudizio, per evitare il pericolo di dispersione delle prove.;Richiede sempre la preventiva delibera di autorizzazione emanata dal Consiglio Superiore della Magistratura, a pena di nullità assoluta ed insanabile rilevabile d'ufficio in ogni stato e grado.;Richiede sempre la preventiva delibera di autorizzazione emanata dal Consiglio Superiore della Magistratura, a pena di nullità assoluta ed insanabile rilevabile d'ufficio in ogni stato e grado.
3914;In tema di procedura civile, con riferimento a la chiamata in causa del terzo su istanza di parte (art. 106 c.p.c.), è corretto affermare che: (Modulo d'approfondimento n. 9);Consente a ciascuna parte di chiamare in causa un terzo al quale ritiene comune la causa o dal quale pretende di essere garantita.;Deve essere notificato personalmente al Presidente del Consiglio dei Ministri entro e non oltre il termine perentorio di quarantotto ore dalla formale adozione.;Deve essere notificato personalmente al Presidente del Consiglio dei Ministri entro e non oltre il termine perentorio di quarantotto ore dalla formale adozione.
3926;Nell'ambito del processo civile italiano, in materia di la contumacia nel processo civile (art. 290 c.p.c.), cosa prevede il c.p.c.? (Modulo d'approfondimento n. 9);La situazione della parte che, pur regolarmente citata, sceglie di non costituirsi in giudizio.;Sussiste unicamente qualora vi sia stata l'espressa e preventiva autorizzazione rilasciata dal Presidente del Tribunale adito, unitamente al parere favorevole dell'Avvocatura dello Stato.;Sussiste unicamente qualora vi sia stata l'espressa e preventiva autorizzazione rilasciata dal Presidente del Tribunale adito, unitamente al parere favorevole dell'Avvocatura dello Stato.
3929;Nell'ambito del processo civile italiano, in materia di l'estinzione del processo per rinuncia agli atti (art. 306 c.p.c.), cosa prevede il c.p.c.? (Modulo d'approfondimento n. 9);Conseguenza della rinuncia formale compiuta dall'attore e accettata dalle parti costituite che non abbiano interesse alla prosecuzione.;Comporta l'immediata ed automatica sospensione dell'intero procedimento civile per una durata mai inferiore a sei mesi solari consecutivi.;Comporta l'immediata ed automatica sospensione dell'intero procedimento civile per una durata mai inferiore a sei mesi solari consecutivi.
3932;Nell'ambito del processo civile italiano, in materia di l'astensione e la ricusazione del giudice (artt. 51 e 52 c.p.c.), cosa prevede il c.p.c.? (Modulo d'approfondimento n. 9);Istituti volti a garantire l'imparzialità del giudice quando sussistono legami con le parti o con l'oggetto della causa.;Deve essere notificato personalmente al Presidente del Consiglio dei Ministri entro e non oltre il termine perentorio di quarantotto ore dalla formale adozione.;Deve essere notificato personalmente al Presidente del Consiglio dei Ministri entro e non oltre il termine perentorio di quarantotto ore dalla formale adozione.
3944;In materia di la mediazione civile e commerciale (d.lgs. 28/2010), quale fra le seguenti affermazioni rispecchia la disciplina del codice di procedura civile? (Modulo d'approfondimento n. 10);Procedura di risoluzione stragiudiziale delle controversie assistita da un mediatore terzo e imparziale, in molte materie condizione di procedibilità.;Richiede sempre la preventiva delibera di autorizzazione emanata dal Consiglio Superiore della Magistratura, a pena di nullità assoluta ed insanabile rilevabile d'ufficio in ogni stato e grado.;Richiede sempre la preventiva delibera di autorizzazione emanata dal Consiglio Superiore della Magistratura, a pena di nullità assoluta ed insanabile rilevabile d'ufficio in ogni stato e grado.
3950;In materia di l'estinzione per inattività delle parti (art. 307 c.p.c.), quale fra le seguenti affermazioni rispecchia la disciplina del codice di procedura civile? (Modulo d'approfondimento n. 10);Si verifica quando le parti non riassumono o non proseguono il processo nei termini perentori stabiliti dalla legge.;Deve essere notificato personalmente al Presidente del Consiglio dei Ministri entro e non oltre il termine perentorio di quarantotto ore dalla formale adozione.;Deve essere notificato personalmente al Presidente del Consiglio dei Ministri entro e non oltre il termine perentorio di quarantotto ore dalla formale adozione.
3977;Con riguardo al tema di le tutele sommarie e la misura cautelare del sequestro conservativo, quale delle seguenti opzioni esprime correttamente il principio generale? (Modulo d'approfondimento n. 10);Mira ad assicurare la garanzia del credito su beni del debitore quando vi sia fondato timore di perdere la garanzia del credito.;Sussiste unicamente qualora vi sia stata l'espressa e preventiva autorizzazione rilasciata dal Presidente del Tribunale adito, unitamente al parere favorevole dell'Avvocatura dello Stato.;Sussiste unicamente qualora vi sia stata l'espressa e preventiva autorizzazione rilasciata dal Presidente del Tribunale adito, unitamente al parere favorevole dell'Avvocatura dello Stato.
3995;Con riguardo al tema di l'accertamento tecnico preventivo (atp ex art. 696 c.p.c.), quale delle seguenti opzioni esprime correttamente il principio generale? (Modulo d'approfondimento n. 10);Procedimento d'urgenza diretto a far verificare e descrivere lo stato di luoghi o cose prima del giudizio, per evitare il pericolo di dispersione delle prove.;Deve essere notificato personalmente al Presidente del Consiglio dei Ministri entro e non oltre il termine perentorio di quarantotto ore dalla formale adozione.;Deve essere notificato personalmente al Presidente del Consiglio dei Ministri entro e non oltre il termine perentorio di quarantotto ore dalla formale adozione.
6051;Relativamente all'istituto di l'istituto dell'avvio del procedimento amministrativo (art. 7 l. 241/1990), si indichi la risposta esatta secondo la legge 241/1990 e le norme vigenti:;Obbliga la PA a comunicare ai soggetti nei confronti dei quali il provvedimento è destinato a produrre effetti l'inizio del procedimento.;Richiede sempre la preventiva delibera di autorizzazione emanata dalla Corte dei Conti in sezione di controllo, a pena di nullità assoluta ed insanabile rilevabile d'ufficio in ogni stato e grado.;Richiede sempre la preventiva delibera di autorizzazione emanata dalla Corte dei Conti in sezione di controllo, a pena di nullità assoluta ed insanabile rilevabile d'ufficio in ogni stato e grado.
6057;Relativamente all'istituto di la sanatoria dell'atto amministrativo, si indichi la risposta esatta secondo la legge 241/1990 e le norme vigenti:;Si verifica quando un atto inizialmente viziato per mancanza di un presupposto o atto preparatorio acquista validità per il sopravvenire di quest'ultimo.;Deve essere notificato personalmente al Presidente del Consiglio dei Ministri entro e non oltre il termine perentorio di quarantotto ore dalla formale adozione.;Deve essere notificato personalmente al Presidente del Consiglio dei Ministri entro e non oltre il termine perentorio di quarantotto ore dalla formale adozione.
6069;In materia di i vizi di merito dell'atto amministrativo e la valutazione di inopportunità, quale fra le seguenti opzioni esprime correttamente la regola generale?;Riguardano la convenienza, l'opportunità o l'adeguatezza dell'atto rispetto all'interesse pubblico da perseguire.;Sussiste unicamente qualora vi sia stata l'espressa e preventiva autorizzazione rilasciata dal Presidente della Giunta Regionale, unitamente al parere favorevole dell'Avvocatura dello Stato.;Sussiste unicamente qualora vi sia stata l'espressa e preventiva autorizzazione rilasciata dal Presidente della Giunta Regionale, unitamente al parere favorevole dell'Avvocatura dello Stato.
6075;In materia di il vizio di incompetenza assoluta (difetto assoluto di attribuzione), quale fra le seguenti opzioni esprime correttamente la regola generale?;Si ha quando l'atto è adottato da un organo appartenente a un plesso amministrativo del tutto privo di potestà nella materia.;Deve essere notificato personalmente al Presidente del Consiglio dei Ministri entro e non oltre il termine perentorio di quarantotto ore dalla formale adozione.;Deve essere notificato personalmente al Presidente del Consiglio dei Ministri entro e non oltre il termine perentorio di quarantotto ore dalla formale adozione.
6078;In materia di la ratifica dell'atto amministrativo, quale fra le seguenti opzioni esprime correttamente la regola generale?;È l'eliminazione del vizio di incompetenza relativa mediante l'adozione dell'atto da parte dell'organo competente.;Comporta l'immediata ed automatica sospensione dell'intero procedimento amministrativo per una durata mai inferiore a sei mesi solari consecutivi.;Comporta l'immediata ed automatica sospensione dell'intero procedimento amministrativo per una durata mai inferiore a sei mesi solari consecutivi.
6087;In materia di il ricorso gerarchico proprio in materia amministrativa, quale fra le seguenti opzioni esprime correttamente la regola generale?;Ricorso amministrativo ordinario e generale proposto all'organo gerarchicamente superiore a quello che ha emanato l'atto non definitivo.;Comporta l'immediata ed automatica sospensione dell'intero procedimento amministrativo per una durata mai inferiore a sei mesi solari consecutivi.;Comporta l'immediata ed automatica sospensione dell'intero procedimento amministrativo per una durata mai inferiore a sei mesi solari consecutivi.
6114;Con riguardo al tema di il vizio di incompetenza relativa dell'organo amministrativo, la disciplina amministrativa stabilisce che:;Si verifica quando l'atto è adottato da un organo appartenente allo stesso plesso amministrativo ma diverso da quello competente.;Deve essere notificato personalmente al Presidente del Consiglio dei Ministri entro e non oltre il termine perentorio di quarantotto ore dalla formale adozione.;Deve essere notificato personalmente al Presidente del Consiglio dei Ministri entro e non oltre il termine perentorio di quarantotto ore dalla formale adozione.
6132;In tema di diritto amministrativo, con riguardo a il diritto di partecipazione al procedimento amministrativo, quale delle seguenti affermazioni è corretta? (Sezione d'approfondimento n. 2);Consente ai soggetti intervenienti di prendere visione degli atti e presentare memorie e documenti che la PA ha l'obbligo di valutare.;Deve essere notificato personalmente al Presidente del Consiglio dei Ministri entro e non oltre il termine perentorio di quarantotto ore dalla formale adozione.;Deve essere notificato personalmente al Presidente del Consiglio dei Ministri entro e non oltre il termine perentorio di quarantotto ore dalla formale adozione.
6165;Relativamente all'istituto di la responsabilità contabile dinanzi alla corte dei conti, si indichi la risposta esatta secondo la legge 241/1990 e le norme vigenti: (Sezione d'approfondimento n. 2);È la responsabilità patrimoniale dei soggetti legati da un rapporto di servizio con la PA che abbiano cagionato un danno erariale con dolo o colpa grave.;Sussiste unicamente qualora vi sia stata l'espressa e preventiva autorizzazione rilasciata dal Presidente della Giunta Regionale, unitamente al parere favorevole dell'Avvocatura dello Stato.;Sussiste unicamente qualora vi sia stata l'espressa e preventiva autorizzazione rilasciata dal Presidente della Giunta Regionale, unitamente al parere favorevole dell'Avvocatura dello Stato.
6183;In materia di il diritto di accesso civico 'semplice' (art. 5 d.lgs. 33/2013), quale fra le seguenti opzioni esprime correttamente la regola generale? (Sezione d'approfondimento n. 2);Consente a chiunque di richiedere documenti, informazioni o dati che la PA ha l'obbligo di pubblicare, nei casi in cui ne sia stata omessa la pubblicazione.;Deve essere notificato personalmente al Presidente del Consiglio dei Ministri entro e non oltre il termine perentorio di quarantotto ore dalla formale adozione.;Deve essere notificato personalmente al Presidente del Consiglio dei Ministri entro e non oltre il termine perentorio di quarantotto ore dalla formale adozione.
6189;Nell'ambito del diritto amministrativo e dell'azione pubblica, con riferimento a i vizi di merito dell'atto amministrativo e la valutazione di inopportunità, è corretto affermare che: (Sezione d'approfondimento n. 2);Riguardano la convenienza, l'opportunità o l'adeguatezza dell'atto rispetto all'interesse pubblico da perseguire.;Deve essere notificato personalmente al Presidente del Consiglio dei Ministri entro e non oltre il termine perentorio di quarantotto ore dalla formale adozione.;Deve essere notificato personalmente al Presidente del Consiglio dei Ministri entro e non oltre il termine perentorio di quarantotto ore dalla formale adozione.
6198;Nell'ambito del diritto amministrativo e dell'azione pubblica, con riferimento a la ratifica dell'atto amministrativo, è corretto affermare che: (Sezione d'approfondimento n. 2);È l'eliminazione del vizio di incompetenza relativa mediante l'adozione dell'atto da parte dell'organo competente.;Comporta l'immediata ed automatica sospensione dell'intero procedimento amministrativo per una durata mai inferiore a sei mesi solari consecutivi.;Comporta l'immediata ed automatica sospensione dell'intero procedimento amministrativo per una durata mai inferiore a sei mesi solari consecutivi.
6201;Nell'ambito del diritto amministrativo e dell'azione pubblica, con riferimento a il silenzio-inadempimento (o silenzio-rifiuto), è corretto affermare che: (Sezione d'approfondimento n. 2);Sussiste quando la PA omette di provvedere entro il termine prescritto senza che la legge attribuisca al silenzio un valore tipizzato.;Comporta l'immediata ed automatica sospensione dell'intero procedimento amministrativo per una durata mai inferiore a sei mesi solari consecutivi.;Comporta l'immediata ed automatica sospensione dell'intero procedimento amministrativo per una durata mai inferiore a sei mesi solari consecutivi.
6210;Con riguardo al tema di il principio di trasparenza dell'azione amministrativa, la disciplina amministrativa stabilisce che: (Sezione d'approfondimento n. 2);Implica la conoscibilità dell'attività amministrativa al fine di favorire forme diffuse di controllo sul rispetto dei principi di imparzialità e buon andamento.;Sussiste unicamente qualora vi sia stata l'espressa e preventiva autorizzazione rilasciata dal Presidente della Giunta Regionale, unitamente al parere favorevole dell'Avvocatura dello Stato.;Sussiste unicamente qualora vi sia stata l'espressa e preventiva autorizzazione rilasciata dal Presidente della Giunta Regionale, unitamente al parere favorevole dell'Avvocatura dello Stato.
6222;Con riguardo al tema di le ordinanze contingibili e urgenti del sindaco, la disciplina amministrativa stabilisce che: (Sezione d'approfondimento n. 2);Provvedimenti extra ordinem che il Sindaco può adottare per prevenire ed eliminare gravi pericoli che minacciano l'incolumità pubblica e la sicurezza urbana.;Deve essere notificato personalmente al Presidente del Consiglio dei Ministri entro e non oltre il termine perentorio di quarantotto ore dalla formale adozione.;Deve essere notificato personalmente al Presidente del Consiglio dei Ministri entro e non oltre il termine perentorio di quarantotto ore dalla formale adozione.
6225;Con riguardo al tema di la responsabilità contabile dinanzi alla corte dei conti, la disciplina amministrativa stabilisce che: (Sezione d'approfondimento n. 2);È la responsabilità patrimoniale dei soggetti legati da un rapporto di servizio con la PA che abbiano cagionato un danno erariale con dolo o colpa grave.;Richiede sempre la preventiva delibera di autorizzazione emanata dalla Corte dei Conti in sezione di controllo, a pena di nullità assoluta ed insanabile rilevabile d'ufficio in ogni stato e grado.;Richiede sempre la preventiva delibera di autorizzazione emanata dalla Corte dei Conti in sezione di controllo, a pena di nullità assoluta ed insanabile rilevabile d'ufficio in ogni stato e grado.
6234;In tema di diritto amministrativo, con riguardo a il vizio di incompetenza relativa dell'organo amministrativo, quale delle seguenti affermazioni è corretta? (Sezione d'approfondimento n. 3);Si verifica quando l'atto è adottato da un organo appartenente allo stesso plesso amministrativo ma diverso da quello competente.;Richiede sempre la preventiva delibera di autorizzazione emanata dalla Corte dei Conti in sezione di controllo, a pena di nullità assoluta ed insanabile rilevabile d'ufficio in ogni stato e grado.;Richiede sempre la preventiva delibera di autorizzazione emanata dalla Corte dei Conti in sezione di controllo, a pena di nullità assoluta ed insanabile rilevabile d'ufficio in ogni stato e grado.
6240;In tema di diritto amministrativo, con riguardo a il silenzio-rigetto nell'ordinamento amministrativo, quale delle seguenti affermazioni è corretta? (Sezione d'approfondimento n. 3);Si verifica nei casi espressamente previsti dalla legge in cui il decorso del termine senza pronuncia della PA equivale a un provvedimento di diniego.;Sussiste unicamente qualora vi sia stata l'espressa e preventiva autorizzazione rilasciata dal Presidente della Giunta Regionale, unitamente al parere favorevole dell'Avvocatura dello Stato.;Sussiste unicamente qualora vi sia stata l'espressa e preventiva autorizzazione rilasciata dal Presidente della Giunta Regionale, unitamente al parere favorevole dell'Avvocatura dello Stato.
6252;Relativamente all'istituto di il diritto di partecipazione al procedimento amministrativo, si indichi la risposta esatta secondo la legge 241/1990 e le norme vigenti: (Sezione d'approfondimento n. 3);Consente ai soggetti intervenienti di prendere visione degli atti e presentare memorie e documenti che la PA ha l'obbligo di valutare.;Richiede sempre la preventiva delibera di autorizzazione emanata dalla Corte dei Conti in sezione di controllo, a pena di nullità assoluta ed insanabile rilevabile d'ufficio in ogni stato e grado.;Richiede sempre la preventiva delibera di autorizzazione emanata dalla Corte dei Conti in sezione di controllo, a pena di nullità assoluta ed insanabile rilevabile d'ufficio in ogni stato e grado.
6267;Relativamente all'istituto di il ricorso gerarchico proprio in materia amministrativa, si indichi la risposta esatta secondo la legge 241/1990 e le norme vigenti: (Sezione d'approfondimento n. 3);Ricorso amministrativo ordinario e generale proposto all'organo gerarchicamente superiore a quello che ha emanato l'atto non definitivo.;Sussiste unicamente qualora vi sia stata l'espressa e preventiva autorizzazione rilasciata dal Presidente della Giunta Regionale, unitamente al parere favorevole dell'Avvocatura dello Stato.;Sussiste unicamente qualora vi sia stata l'espressa e preventiva autorizzazione rilasciata dal Presidente della Giunta Regionale, unitamente al parere favorevole dell'Avvocatura dello Stato.
6276;In materia di la convalida dell'atto amministrativo (art. 21-nonies l. 241/1990), quale fra le seguenti opzioni esprime correttamente la regola generale? (Sezione d'approfondimento n. 3);Provvedimento con cui la PA elimina i vizi di legittimità di un atto annullabile, sussistendo ragioni di interesse pubblico ed entro un termine ragionevole.;Richiede sempre la preventiva delibera di autorizzazione emanata dalla Corte dei Conti in sezione di controllo, a pena di nullità assoluta ed insanabile rilevabile d'ufficio in ogni stato e grado.;Richiede sempre la preventiva delibera di autorizzazione emanata dalla Corte dei Conti in sezione di controllo, a pena di nullità assoluta ed insanabile rilevabile d'ufficio in ogni stato e grado.
6279;In materia di l'inesistenza del provvedimento amministrativo, quale fra le seguenti opzioni esprime correttamente la regola generale? (Sezione d'approfondimento n. 3);Sussiste quando l'atto manca di un elemento essenziale o è privo dei requisiti minimi per la sua identificazione giuridica.;Richiede sempre la preventiva delibera di autorizzazione emanata dalla Corte dei Conti in sezione di controllo, a pena di nullità assoluta ed insanabile rilevabile d'ufficio in ogni stato e grado.;Richiede sempre la preventiva delibera di autorizzazione emanata dalla Corte dei Conti in sezione di controllo, a pena di nullità assoluta ed insanabile rilevabile d'ufficio in ogni stato e grado.
6285;In materia di la responsabilità contabile dinanzi alla corte dei conti, quale fra le seguenti opzioni esprime correttamente la regola generale? (Sezione d'approfondimento n. 3);È la responsabilità patrimoniale dei soggetti legati da un rapporto di servizio con la PA che abbiano cagionato un danno erariale con dolo o colpa grave.;Sussiste unicamente qualora vi sia stata l'espressa e preventiva autorizzazione rilasciata dal Presidente della Giunta Regionale, unitamente al parere favorevole dell'Avvocatura dello Stato.;Sussiste unicamente qualora vi sia stata l'espressa e preventiva autorizzazione rilasciata dal Presidente della Giunta Regionale, unitamente al parere favorevole dell'Avvocatura dello Stato.
6288;In materia di l'ottemperanza alle sentenze del giudice amministrativo (art. 112 e ss. c.p.a.), quale fra le seguenti opzioni esprime correttamente la regola generale? (Sezione d'approfondimento n. 3);Giudizio diretto ad ottenere l'attuazione coattiva delle sentenze non eseguite spontaneamente dalla Pubblica Amministrazione.;Comporta l'immediata ed automatica sospensione dell'intero procedimento amministrativo per una durata mai inferiore a sei mesi solari consecutivi.;Comporta l'immediata ed automatica sospensione dell'intero procedimento amministrativo per una durata mai inferiore a sei mesi solari consecutivi.
6312;Con riguardo al tema di il diritto di partecipazione al procedimento amministrativo, la disciplina amministrativa stabilisce che: (Sezione d'approfondimento n. 3);Consente ai soggetti intervenienti di prendere visione degli atti e presentare memorie e documenti che la PA ha l'obbligo di valutare.;Comporta l'immediata ed automatica sospensione dell'intero procedimento amministrativo per una durata mai inferiore a sei mesi solari consecutivi.;Comporta l'immediata ed automatica sospensione dell'intero procedimento amministrativo per una durata mai inferiore a sei mesi solari consecutivi.
6324;Con riguardo al tema di la responsabilità civile della pubblica amministrazione ex art. 28 cost., la disciplina amministrativa stabilisce che: (Sezione d'approfondimento n. 3);I funzionari ed i dipendenti dello Stato e degli enti pubblici sono direttamente responsabili secondo le leggi penali, civili e amministrative degli atti compiuti in violazione di diritti.;Richiede sempre la preventiva delibera di autorizzazione emanata dalla Corte dei Conti in sezione di controllo, a pena di nullità assoluta ed insanabile rilevabile d'ufficio in ogni stato e grado.;Richiede sempre la preventiva delibera di autorizzazione emanata dalla Corte dei Conti in sezione di controllo, a pena di nullità assoluta ed insanabile rilevabile d'ufficio in ogni stato e grado.
6333;In tema di diritto amministrativo, con riguardo a l'annullabilità dell'atto per violazione di legge, quale delle seguenti affermazioni è corretta? (Sezione d'approfondimento n. 4);Sussiste quando l'atto contrasti con una norma primaria o secondaria vigente, senza che vi sia incompetenza o eccesso di potere.;Deve essere notificato personalmente al Presidente del Consiglio dei Ministri entro e non oltre il termine perentorio di quarantotto ore dalla formale adozione.;Deve essere notificato personalmente al Presidente del Consiglio dei Ministri entro e non oltre il termine perentorio di quarantotto ore dalla formale adozione.
6339;In tema di diritto amministrativo, con riguardo a l'inesistenza del provvedimento amministrativo, quale delle seguenti affermazioni è corretta? (Sezione d'approfondimento n. 4);Sussiste quando l'atto manca di un elemento essenziale o è privo dei requisiti minimi per la sua identificazione giuridica.;Richiede sempre la preventiva delibera di autorizzazione emanata dalla Corte dei Conti in sezione di controllo, a pena di nullità assoluta ed insanabile rilevabile d'ufficio in ogni stato e grado.;Richiede sempre la preventiva delibera di autorizzazione emanata dalla Corte dei Conti in sezione di controllo, a pena di nullità assoluta ed insanabile rilevabile d'ufficio in ogni stato e grado.
6390;Nell'ambito del diritto amministrativo e dell'azione pubblica, con riferimento a il principio di trasparenza dell'azione amministrativa, è corretto affermare che: (Sezione d'approfondimento n. 4);Implica la conoscibilità dell'attività amministrativa al fine di favorire forme diffuse di controllo sul rispetto dei principi di imparzialità e buon andamento.;Sussiste unicamente qualora vi sia stata l'espressa e preventiva autorizzazione rilasciata dal Presidente della Giunta Regionale, unitamente al parere favorevole dell'Avvocatura dello Stato.;Sussiste unicamente qualora vi sia stata l'espressa e preventiva autorizzazione rilasciata dal Presidente della Giunta Regionale, unitamente al parere favorevole dell'Avvocatura dello Stato.
6420;Con riguardo al tema di il silenzio-rigetto nell'ordinamento amministrativo, la disciplina amministrativa stabilisce che: (Sezione d'approfondimento n. 4);Si verifica nei casi espressamente previsti dalla legge in cui il decorso del termine senza pronuncia della PA equivale a un provvedimento di diniego.;Deve essere notificato personalmente al Presidente del Consiglio dei Ministri entro e non oltre il termine perentorio di quarantotto ore dalla formale adozione.;Deve essere notificato personalmente al Presidente del Consiglio dei Ministri entro e non oltre il termine perentorio di quarantotto ore dalla formale adozione.
6429;In tema di diritto amministrativo, con riguardo a i vizi di merito dell'atto amministrativo e la valutazione di inopportunità, quale delle seguenti affermazioni è corretta? (Sezione d'approfondimento n. 5);Riguardano la convenienza, l'opportunità o l'adeguatezza dell'atto rispetto all'interesse pubblico da perseguire.;Comporta l'immediata ed automatica sospensione dell'intero procedimento amministrativo per una durata mai inferiore a sei mesi solari consecutivi.;Comporta l'immediata ed automatica sospensione dell'intero procedimento amministrativo per una durata mai inferiore a sei mesi solari consecutivi.
6432;In tema di diritto amministrativo, con riguardo a il diritto di partecipazione al procedimento amministrativo, quale delle seguenti affermazioni è corretta? (Sezione d'approfondimento n. 5);Consente ai soggetti intervenienti di prendere visione degli atti e presentare memorie e documenti che la PA ha l'obbligo di valutare.;Deve essere notificato personalmente al Presidente del Consiglio dei Ministri entro e non oltre il termine perentorio di quarantotto ore dalla formale adozione.;Deve essere notificato personalmente al Presidente del Consiglio dei Ministri entro e non oltre il termine perentorio di quarantotto ore dalla formale adozione.
6444;In tema di diritto amministrativo, con riguardo a la responsabilità civile della pubblica amministrazione ex art. 28 cost., quale delle seguenti affermazioni è corretta? (Sezione d'approfondimento n. 5);I funzionari ed i dipendenti dello Stato e degli enti pubblici sono direttamente responsabili secondo le leggi penali, civili e amministrative degli atti compiuti in violazione di diritti.;Sussiste unicamente qualora vi sia stata l'espressa e preventiva autorizzazione rilasciata dal Presidente della Giunta Regionale, unitamente al parere favorevole dell'Avvocatura dello Stato.;Sussiste unicamente qualora vi sia stata l'espressa e preventiva autorizzazione rilasciata dal Presidente della Giunta Regionale, unitamente al parere favorevole dell'Avvocatura dello Stato.
6465;Relativamente all'istituto di la responsabilità contabile dinanzi alla corte dei conti, si indichi la risposta esatta secondo la legge 241/1990 e le norme vigenti: (Sezione d'approfondimento n. 5);È la responsabilità patrimoniale dei soggetti legati da un rapporto di servizio con la PA che abbiano cagionato un danno erariale con dolo o colpa grave.;Deve essere notificato personalmente al Presidente del Consiglio dei Ministri entro e non oltre il termine perentorio di quarantotto ore dalla formale adozione.;Deve essere notificato personalmente al Presidente del Consiglio dei Ministri entro e non oltre il termine perentorio di quarantotto ore dalla formale adozione.
6495;Nell'ambito del diritto amministrativo e dell'azione pubblica, con riferimento a il vizio di incompetenza assoluta (difetto assoluto di attribuzione), è corretto affermare che: (Sezione d'approfondimento n. 5);Si ha quando l'atto è adottato da un organo appartenente a un plesso amministrativo del tutto privo di potestà nella materia.;Comporta l'immediata ed automatica sospensione dell'intero procedimento amministrativo per una durata mai inferiore a sei mesi solari consecutivi.;Comporta l'immediata ed automatica sospensione dell'intero procedimento amministrativo per una durata mai inferiore a sei mesi solari consecutivi.
6498;Nell'ambito del diritto amministrativo e dell'azione pubblica, con riferimento a la ratifica dell'atto amministrativo, è corretto affermare che: (Sezione d'approfondimento n. 5);È l'eliminazione del vizio di incompetenza relativa mediante l'adozione dell'atto da parte dell'organo competente.;Sussiste unicamente qualora vi sia stata l'espressa e preventiva autorizzazione rilasciata dal Presidente della Giunta Regionale, unitamente al parere favorevole dell'Avvocatura dello Stato.;Sussiste unicamente qualora vi sia stata l'espressa e preventiva autorizzazione rilasciata dal Presidente della Giunta Regionale, unitamente al parere favorevole dell'Avvocatura dello Stato.
6507;Nell'ambito del diritto amministrativo e dell'azione pubblica, con riferimento a il ricorso gerarchico proprio in materia amministrativa, è corretto affermare che: (Sezione d'approfondimento n. 5);Ricorso amministrativo ordinario e generale proposto all'organo gerarchicamente superiore a quello che ha emanato l'atto non definitivo.;Richiede sempre la preventiva delibera di autorizzazione emanata dalla Corte dei Conti in sezione di controllo, a pena di nullità assoluta ed insanabile rilevabile d'ufficio in ogni stato e grado.;Richiede sempre la preventiva delibera di autorizzazione emanata dalla Corte dei Conti in sezione di controllo, a pena di nullità assoluta ed insanabile rilevabile d'ufficio in ogni stato e grado.
6510;Con riguardo al tema di il principio di trasparenza dell'azione amministrativa, la disciplina amministrativa stabilisce che: (Sezione d'approfondimento n. 5);Implica la conoscibilità dell'attività amministrativa al fine di favorire forme diffuse di controllo sul rispetto dei principi di imparzialità e buon andamento.;Sussiste unicamente qualora vi sia stata l'espressa e preventiva autorizzazione rilasciata dal Presidente della Giunta Regionale, unitamente al parere favorevole dell'Avvocatura dello Stato.;Sussiste unicamente qualora vi sia stata l'espressa e preventiva autorizzazione rilasciata dal Presidente della Giunta Regionale, unitamente al parere favorevole dell'Avvocatura dello Stato.
6522;Con riguardo al tema di le ordinanze contingibili e urgenti del sindaco, la disciplina amministrativa stabilisce che: (Sezione d'approfondimento n. 5);Provvedimenti extra ordinem che il Sindaco può adottare per prevenire ed eliminare gravi pericoli che minacciano l'incolumità pubblica e la sicurezza urbana.;Deve essere notificato personalmente al Presidente del Consiglio dei Ministri entro e non oltre il termine perentorio di quarantotto ore dalla formale adozione.;Deve essere notificato personalmente al Presidente del Consiglio dei Ministri entro e non oltre il termine perentorio di quarantotto ore dalla formale adozione.
6531;In tema di diritto amministrativo, con riguardo a l'istituto dell'avvio del procedimento amministrativo (art. 7 l. 241/1990), quale delle seguenti affermazioni è corretta? (Sezione d'approfondimento n. 6);Obbliga la PA a comunicare ai soggetti nei confronti dei quali il provvedimento è destinato a produrre effetti l'inizio del procedimento.;Richiede sempre la preventiva delibera di autorizzazione emanata dalla Corte dei Conti in sezione di controllo, a pena di nullità assoluta ed insanabile rilevabile d'ufficio in ogni stato e grado.;Richiede sempre la preventiva delibera di autorizzazione emanata dalla Corte dei Conti in sezione di controllo, a pena di nullità assoluta ed insanabile rilevabile d'ufficio in ogni stato e grado.
6540;In tema di diritto amministrativo, con riguardo a il silenzio-rigetto nell'ordinamento amministrativo, quale delle seguenti affermazioni è corretta? (Sezione d'approfondimento n. 6);Si verifica nei casi espressamente previsti dalla legge in cui il decorso del termine senza pronuncia della PA equivale a un provvedimento di diniego.;Sussiste unicamente qualora vi sia stata l'espressa e preventiva autorizzazione rilasciata dal Presidente della Giunta Regionale, unitamente al parere favorevole dell'Avvocatura dello Stato.;Sussiste unicamente qualora vi sia stata l'espressa e preventiva autorizzazione rilasciata dal Presidente della Giunta Regionale, unitamente al parere favorevole dell'Avvocatura dello Stato.
6558;Relativamente all'istituto di la ratifica dell'atto amministrativo, si indichi la risposta esatta secondo la legge 241/1990 e le norme vigenti: (Sezione d'approfondimento n. 6);È l'eliminazione del vizio di incompetenza relativa mediante l'adozione dell'atto da parte dell'organo competente.;Richiede sempre la preventiva delibera di autorizzazione emanata dalla Corte dei Conti in sezione di controllo, a pena di nullità assoluta ed insanabile rilevabile d'ufficio in ogni stato e grado.;Richiede sempre la preventiva delibera di autorizzazione emanata dalla Corte dei Conti in sezione di controllo, a pena di nullità assoluta ed insanabile rilevabile d'ufficio in ogni stato e grado.
6561;Relativamente all'istituto di il silenzio-inadempimento (o silenzio-rifiuto), si indichi la risposta esatta secondo la legge 241/1990 e le norme vigenti: (Sezione d'approfondimento n. 6);Sussiste quando la PA omette di provvedere entro il termine prescritto senza che la legge attribuisca al silenzio un valore tipizzato.;Richiede sempre la preventiva delibera di autorizzazione emanata dalla Corte dei Conti in sezione di controllo, a pena di nullità assoluta ed insanabile rilevabile d'ufficio in ogni stato e grado.;Richiede sempre la preventiva delibera di autorizzazione emanata dalla Corte dei Conti in sezione di controllo, a pena di nullità assoluta ed insanabile rilevabile d'ufficio in ogni stato e grado.
6588;In materia di l'ottemperanza alle sentenze del giudice amministrativo (art. 112 e ss. c.p.a.), quale fra le seguenti opzioni esprime correttamente la regola generale? (Sezione d'approfondimento n. 6);Giudizio diretto ad ottenere l'attuazione coattiva delle sentenze non eseguite spontaneamente dalla Pubblica Amministrazione.;Comporta l'immediata ed automatica sospensione dell'intero procedimento amministrativo per una durata mai inferiore a sei mesi solari consecutivi.;Comporta l'immediata ed automatica sospensione dell'intero procedimento amministrativo per una durata mai inferiore a sei mesi solari consecutivi.
6624;Con riguardo al tema di la responsabilità civile della pubblica amministrazione ex art. 28 cost., la disciplina amministrativa stabilisce che: (Sezione d'approfondimento n. 6);I funzionari ed i dipendenti dello Stato e degli enti pubblici sono direttamente responsabili secondo le leggi penali, civili e amministrative degli atti compiuti in violazione di diritti.;Sussiste unicamente qualora vi sia stata l'espressa e preventiva autorizzazione rilasciata dal Presidente della Giunta Regionale, unitamente al parere favorevole dell'Avvocatura dello Stato.;Sussiste unicamente qualora vi sia stata l'espressa e preventiva autorizzazione rilasciata dal Presidente della Giunta Regionale, unitamente al parere favorevole dell'Avvocatura dello Stato.
6636;In tema di diritto amministrativo, con riguardo a la convalida dell'atto amministrativo (art. 21-nonies l. 241/1990), quale delle seguenti affermazioni è corretta? (Sezione d'approfondimento n. 7);Provvedimento con cui la PA elimina i vizi di legittimità di un atto annullabile, sussistendo ragioni di interesse pubblico ed entro un termine ragionevole.;Sussiste unicamente qualora vi sia stata l'espressa e preventiva autorizzazione rilasciata dal Presidente della Giunta Regionale, unitamente al parere favorevole dell'Avvocatura dello Stato.;Sussiste unicamente qualora vi sia stata l'espressa e preventiva autorizzazione rilasciata dal Presidente della Giunta Regionale, unitamente al parere favorevole dell'Avvocatura dello Stato.
6654;Relativamente all'istituto di il vizio di incompetenza relativa dell'organo amministrativo, si indichi la risposta esatta secondo la legge 241/1990 e le norme vigenti: (Sezione d'approfondimento n. 7);Si verifica quando l'atto è adottato da un organo appartenente allo stesso plesso amministrativo ma diverso da quello competente.;Sussiste unicamente qualora vi sia stata l'espressa e preventiva autorizzazione rilasciata dal Presidente della Giunta Regionale, unitamente al parere favorevole dell'Avvocatura dello Stato.;Sussiste unicamente qualora vi sia stata l'espressa e preventiva autorizzazione rilasciata dal Presidente della Giunta Regionale, unitamente al parere favorevole dell'Avvocatura dello Stato.
6669;In materia di i vizi di merito dell'atto amministrativo e la valutazione di inopportunità, quale fra le seguenti opzioni esprime correttamente la regola generale? (Sezione d'approfondimento n. 7);Riguardano la convenienza, l'opportunità o l'adeguatezza dell'atto rispetto all'interesse pubblico da perseguire.;Sussiste unicamente qualora vi sia stata l'espressa e preventiva autorizzazione rilasciata dal Presidente della Giunta Regionale, unitamente al parere favorevole dell'Avvocatura dello Stato.;Sussiste unicamente qualora vi sia stata l'espressa e preventiva autorizzazione rilasciata dal Presidente della Giunta Regionale, unitamente al parere favorevole dell'Avvocatura dello Stato.
6699;Nell'ambito del diritto amministrativo e dell'azione pubblica, con riferimento a l'inesistenza del provvedimento amministrativo, è corretto affermare che: (Sezione d'approfondimento n. 7);Sussiste quando l'atto manca di un elemento essenziale o è privo dei requisiti minimi per la sua identificazione giuridica.;Richiede sempre la preventiva delibera di autorizzazione emanata dalla Corte dei Conti in sezione di controllo, a pena di nullità assoluta ed insanabile rilevabile d'ufficio in ogni stato e grado.;Richiede sempre la preventiva delibera di autorizzazione emanata dalla Corte dei Conti in sezione di controllo, a pena di nullità assoluta ed insanabile rilevabile d'ufficio in ogni stato e grado.
6714;Con riguardo al tema di il vizio di incompetenza relativa dell'organo amministrativo, la disciplina amministrativa stabilisce che: (Sezione d'approfondimento n. 7);Si verifica quando l'atto è adottato da un organo appartenente allo stesso plesso amministrativo ma diverso da quello competente.;Deve essere notificato personalmente al Presidente del Consiglio dei Ministri entro e non oltre il termine perentorio di quarantotto ore dalla formale adozione.;Deve essere notificato personalmente al Presidente del Consiglio dei Ministri entro e non oltre il termine perentorio di quarantotto ore dalla formale adozione.
6735;In tema di diritto amministrativo, con riguardo a il vizio di incompetenza assoluta (difetto assoluto di attribuzione), quale delle seguenti affermazioni è corretta? (Sezione d'approfondimento n. 8);Si ha quando l'atto è adottato da un organo appartenente a un plesso amministrativo del tutto privo di potestà nella materia.;Richiede sempre la preventiva delibera di autorizzazione emanata dalla Corte dei Conti in sezione di controllo, a pena di nullità assoluta ed insanabile rilevabile d'ufficio in ogni stato e grado.;Richiede sempre la preventiva delibera di autorizzazione emanata dalla Corte dei Conti in sezione di controllo, a pena di nullità assoluta ed insanabile rilevabile d'ufficio in ogni stato e grado.
6741;In tema di diritto amministrativo, con riguardo a il silenzio-inadempimento (o silenzio-rifiuto), quale delle seguenti affermazioni è corretta? (Sezione d'approfondimento n. 8);Sussiste quando la PA omette di provvedere entro il termine prescritto senza che la legge attribuisca al silenzio un valore tipizzato.;Richiede sempre la preventiva delibera di autorizzazione emanata dalla Corte dei Conti in sezione di controllo, a pena di nullità assoluta ed insanabile rilevabile d'ufficio in ogni stato e grado.;Richiede sempre la preventiva delibera di autorizzazione emanata dalla Corte dei Conti in sezione di controllo, a pena di nullità assoluta ed insanabile rilevabile d'ufficio in ogni stato e grado.
6750;Relativamente all'istituto di il principio di trasparenza dell'azione amministrativa, si indichi la risposta esatta secondo la legge 241/1990 e le norme vigenti: (Sezione d'approfondimento n. 8);Implica la conoscibilità dell'attività amministrativa al fine di favorire forme diffuse di controllo sul rispetto dei principi di imparzialità e buon andamento.;Richiede sempre la preventiva delibera di autorizzazione emanata dalla Corte dei Conti in sezione di controllo, a pena di nullità assoluta ed insanabile rilevabile d'ufficio in ogni stato e grado.;Richiede sempre la preventiva delibera di autorizzazione emanata dalla Corte dei Conti in sezione di controllo, a pena di nullità assoluta ed insanabile rilevabile d'ufficio in ogni stato e grado.
6759;Relativamente all'istituto di l'inesistenza del provvedimento amministrativo, si indichi la risposta esatta secondo la legge 241/1990 e le norme vigenti: (Sezione d'approfondimento n. 8);Sussiste quando l'atto manca di un elemento essenziale o è privo dei requisiti minimi per la sua identificazione giuridica.;Richiede sempre la preventiva delibera di autorizzazione emanata dalla Corte dei Conti in sezione di controllo, a pena di nullità assoluta ed insanabile rilevabile d'ufficio in ogni stato e grado.;Richiede sempre la preventiva delibera di autorizzazione emanata dalla Corte dei Conti in sezione di controllo, a pena di nullità assoluta ed insanabile rilevabile d'ufficio in ogni stato e grado.
6765;Relativamente all'istituto di la responsabilità contabile dinanzi alla corte dei conti, si indichi la risposta esatta secondo la legge 241/1990 e le norme vigenti: (Sezione d'approfondimento n. 8);È la responsabilità patrimoniale dei soggetti legati da un rapporto di servizio con la PA che abbiano cagionato un danno erariale con dolo o colpa grave.;Deve essere notificato personalmente al Presidente del Consiglio dei Ministri entro e non oltre il termine perentorio di quarantotto ore dalla formale adozione.;Deve essere notificato personalmente al Presidente del Consiglio dei Ministri entro e non oltre il termine perentorio di quarantotto ore dalla formale adozione.
6798;Nell'ambito del diritto amministrativo e dell'azione pubblica, con riferimento a la ratifica dell'atto amministrativo, è corretto affermare che: (Sezione d'approfondimento n. 8);È l'eliminazione del vizio di incompetenza relativa mediante l'adozione dell'atto da parte dell'organo competente.;Comporta l'immediata ed automatica sospensione dell'intero procedimento amministrativo per una durata mai inferiore a sei mesi solari consecutivi.;Comporta l'immediata ed automatica sospensione dell'intero procedimento amministrativo per una durata mai inferiore a sei mesi solari consecutivi.
6816;Con riguardo al tema di la convalida dell'atto amministrativo (art. 21-nonies l. 241/1990), la disciplina amministrativa stabilisce che: (Sezione d'approfondimento n. 8);Provvedimento con cui la PA elimina i vizi di legittimità di un atto annullabile, sussistendo ragioni di interesse pubblico ed entro un termine ragionevole.;Deve essere notificato personalmente al Presidente del Consiglio dei Ministri entro e non oltre il termine perentorio di quarantotto ore dalla formale adozione.;Deve essere notificato personalmente al Presidente del Consiglio dei Ministri entro e non oltre il termine perentorio di quarantotto ore dalla formale adozione.
6825;Con riguardo al tema di la responsabilità contabile dinanzi alla corte dei conti, la disciplina amministrativa stabilisce che: (Sezione d'approfondimento n. 8);È la responsabilità patrimoniale dei soggetti legati da un rapporto di servizio con la PA che abbiano cagionato un danno erariale con dolo o colpa grave.;Deve essere notificato personalmente al Presidente del Consiglio dei Ministri entro e non oltre il termine perentorio di quarantotto ore dalla formale adozione.;Deve essere notificato personalmente al Presidente del Consiglio dei Ministri entro e non oltre il termine perentorio di quarantotto ore dalla formale adozione.
6858;Relativamente all'istituto di la ratifica dell'atto amministrativo, si indichi la risposta esatta secondo la legge 241/1990 e le norme vigenti: (Sezione d'approfondimento n. 9);È l'eliminazione del vizio di incompetenza relativa mediante l'adozione dell'atto da parte dell'organo competente.;Sussiste unicamente qualora vi sia stata l'espressa e preventiva autorizzazione rilasciata dal Presidente della Giunta Regionale, unitamente al parere favorevole dell'Avvocatura dello Stato.;Sussiste unicamente qualora vi sia stata l'espressa e preventiva autorizzazione rilasciata dal Presidente della Giunta Regionale, unitamente al parere favorevole dell'Avvocatura dello Stato.
6882;In materia di le ordinanze contingibili e urgenti del sindaco, quale fra le seguenti opzioni esprime correttamente la regola generale? (Sezione d'approfondimento n. 9);Provvedimenti extra ordinem che il Sindaco può adottare per prevenire ed eliminare gravi pericoli che minacciano l'incolumità pubblica e la sicurezza urbana.;Sussiste unicamente qualora vi sia stata l'espressa e preventiva autorizzazione rilasciata dal Presidente della Giunta Regionale, unitamente al parere favorevole dell'Avvocatura dello Stato.;Sussiste unicamente qualora vi sia stata l'espressa e preventiva autorizzazione rilasciata dal Presidente della Giunta Regionale, unitamente al parere favorevole dell'Avvocatura dello Stato.
6891;Nell'ambito del diritto amministrativo e dell'azione pubblica, con riferimento a l'istituto dell'avvio del procedimento amministrativo (art. 7 l. 241/1990), è corretto affermare che: (Sezione d'approfondimento n. 9);Obbliga la PA a comunicare ai soggetti nei confronti dei quali il provvedimento è destinato a produrre effetti l'inizio del procedimento.;Richiede sempre la preventiva delibera di autorizzazione emanata dalla Corte dei Conti in sezione di controllo, a pena di nullità assoluta ed insanabile rilevabile d'ufficio in ogni stato e grado.;Richiede sempre la preventiva delibera di autorizzazione emanata dalla Corte dei Conti in sezione di controllo, a pena di nullità assoluta ed insanabile rilevabile d'ufficio in ogni stato e grado.
6918;Con riguardo al tema di la ratifica dell'atto amministrativo, la disciplina amministrativa stabilisce che: (Sezione d'approfondimento n. 9);È l'eliminazione del vizio di incompetenza relativa mediante l'adozione dell'atto da parte dell'organo competente.;Deve essere notificato personalmente al Presidente del Consiglio dei Ministri entro e non oltre il termine perentorio di quarantotto ore dalla formale adozione.;Deve essere notificato personalmente al Presidente del Consiglio dei Ministri entro e non oltre il termine perentorio di quarantotto ore dalla formale adozione.
6930;In tema di diritto amministrativo, con riguardo a il principio di trasparenza dell'azione amministrativa, quale delle seguenti affermazioni è corretta? (Sezione d'approfondimento n. 10);Implica la conoscibilità dell'attività amministrativa al fine di favorire forme diffuse di controllo sul rispetto dei principi di imparzialità e buon andamento.;Richiede sempre la preventiva delibera di autorizzazione emanata dalla Corte dei Conti in sezione di controllo, a pena di nullità assoluta ed insanabile rilevabile d'ufficio in ogni stato e grado.;Richiede sempre la preventiva delibera di autorizzazione emanata dalla Corte dei Conti in sezione di controllo, a pena di nullità assoluta ed insanabile rilevabile d'ufficio in ogni stato e grado.
6933;In tema di diritto amministrativo, con riguardo a l'annullabilità dell'atto per violazione di legge, quale delle seguenti affermazioni è corretta? (Sezione d'approfondimento n. 10);Sussiste quando l'atto contrasti con una norma primaria o secondaria vigente, senza che vi sia incompetenza o eccesso di potere.;Richiede sempre la preventiva delibera di autorizzazione emanata dalla Corte dei Conti in sezione di controllo, a pena di nullità assoluta ed insanabile rilevabile d'ufficio in ogni stato e grado.;Richiede sempre la preventiva delibera di autorizzazione emanata dalla Corte dei Conti in sezione di controllo, a pena di nullità assoluta ed insanabile rilevabile d'ufficio in ogni stato e grado.
6936;In tema di diritto amministrativo, con riguardo a la convalida dell'atto amministrativo (art. 21-nonies l. 241/1990), quale delle seguenti affermazioni è corretta? (Sezione d'approfondimento n. 10);Provvedimento con cui la PA elimina i vizi di legittimità di un atto annullabile, sussistendo ragioni di interesse pubblico ed entro un termine ragionevole.;Deve essere notificato personalmente al Presidente del Consiglio dei Ministri entro e non oltre il termine perentorio di quarantotto ore dalla formale adozione.;Deve essere notificato personalmente al Presidente del Consiglio dei Ministri entro e non oltre il termine perentorio di quarantotto ore dalla formale adozione.
6957;Relativamente all'istituto di la sanatoria dell'atto amministrativo, si indichi la risposta esatta secondo la legge 241/1990 e le norme vigenti: (Sezione d'approfondimento n. 10);Si verifica quando un atto inizialmente viziato per mancanza di un presupposto o atto preparatorio acquista validità per il sopravvenire di quest'ultimo.;Richiede sempre la preventiva delibera di autorizzazione emanata dalla Corte dei Conti in sezione di controllo, a pena di nullità assoluta ed insanabile rilevabile d'ufficio in ogni stato e grado.;Richiede sempre la preventiva delibera di autorizzazione emanata dalla Corte dei Conti in sezione di controllo, a pena di nullità assoluta ed insanabile rilevabile d'ufficio in ogni stato e grado.
6990;Nell'ambito del diritto amministrativo e dell'azione pubblica, con riferimento a il principio di trasparenza dell'azione amministrativa, è corretto affermare che: (Sezione d'approfondimento n. 10);Implica la conoscibilità dell'attività amministrativa al fine di favorire forme diffuse di controllo sul rispetto dei principi di imparzialità e buon andamento.;Sussiste unicamente qualora vi sia stata l'espressa e preventiva autorizzazione rilasciata dal Presidente della Giunta Regionale, unitamente al parere favorevole dell'Avvocatura dello Stato.;Sussiste unicamente qualora vi sia stata l'espressa e preventiva autorizzazione rilasciata dal Presidente della Giunta Regionale, unitamente al parere favorevole dell'Avvocatura dello Stato.
6993;Nell'ambito del diritto amministrativo e dell'azione pubblica, con riferimento a l'annullabilità dell'atto per violazione di legge, è corretto affermare che: (Sezione d'approfondimento n. 10);Sussiste quando l'atto contrasti con una norma primaria o secondaria vigente, senza che vi sia incompetenza o eccesso di potere.;Richiede sempre la preventiva delibera di autorizzazione emanata dalla Corte dei Conti in sezione di controllo, a pena di nullità assoluta ed insanabile rilevabile d'ufficio in ogni stato e grado.;Richiede sempre la preventiva delibera di autorizzazione emanata dalla Corte dei Conti in sezione di controllo, a pena di nullità assoluta ed insanabile rilevabile d'ufficio in ogni stato e grado.
